{
  "relationships_blocked_users": [
    {
      "title": "repostjar",
      "string_list_data": [
        {
          "href": "https://www.instagram.com/_u/repostjar",
          "timestamp": 1705157974
        }
      ]
    },
    {
      "title": "michelacarbosiero",
      "string_list_data": [
        {
          "href": "https://www.instagram.com/_u/michelacarbosiero",
          "timestamp": 1704637560
        }
      ]
    },
    {
      "title": "elektra_sinn",
      "string_list_data": [
        {
          "href": "https://www.instagram.com/_u/elektra_sinn",
          "timestamp": 1679822190
        }
      ]
    },
    {
      "title": "nikol_topalovaaa",
      "string_list_data": [
        {
          "href": "https://www.instagram.com/_u/nikol_topalovaaa",
          "timestamp": 1599428452
        }
      ]
    },
    {
      "title": "lelkalena_prvt",
      "string_list_data": [
        {
          "href": "https://www.instagram.com/_u/lelkalena_prvt",
          "timestamp": 1599038018
        }
      ]
    }
  ]
}