{
  "relationships_close_friends": [
    {
      "title": "",
      "media_list_data": [
        
      ],
      "string_list_data": [
        {
          "href": "https://www.instagram.com/marr11ya",
          "value": "marr11ya",
          "timestamp": 1753510126
        }
      ]
    },
    {
      "title": "",
      "media_list_data": [
        
      ],
      "string_list_data": [
        {
          "href": "https://www.instagram.com/tea.yyu",
          "value": "tea.yyu",
          "timestamp": 1752832825
        }
      ]
    },
    {
      "title": "",
      "media_list_data": [
        
      ],
      "string_list_data": [
        {
          "href": "https://www.instagram.com/angelovaa_mariq",
          "value": "angelovaa_mariq",
          "timestamp": 1751828313
        }
      ]
    },
    {
      "title": "",
      "media_list_data": [
        
      ],
      "string_list_data": [
        {
          "href": "https://www.instagram.com/andjelinastoyanova",
          "value": "andjelinastoyanova",
          "timestamp": 1748087216
        }
      ]
    },
    {
      "title": "",
      "media_list_data": [
        
      ],
      "string_list_data": [
        {
          "href": "https://www.instagram.com/alexsrebrov",
          "value": "alexsrebrov",
          "timestamp": 1748087211
        }
      ]
    },
    {
      "title": "",
      "media_list_data": [
        
      ],
      "string_list_data": [
        {
          "href": "https://www.instagram.com/_plamen_kalchev",
          "value": "_plamen_kalchev",
          "timestamp": 1748087199
        }
      ]
    },
    {
      "title": "",
      "media_list_data": [
        
      ],
      "string_list_data": [
        {
          "href": "https://www.instagram.com/z_kostadinow",
          "value": "z_kostadinow",
          "timestamp": 1722623699
        }
      ]
    },
    {
      "title": "",
      "media_list_data": [
        
      ],
      "string_list_data": [
        {
          "href": "https://www.instagram.com/s4nzu8",
          "value": "s4nzu8",
          "timestamp": 1720731509
        }
      ]
    },
    {
      "title": "",
      "media_list_data": [
        
      ],
      "string_list_data": [
        {
          "href": "https://www.instagram.com/_._angelm_._",
          "value": "_._angelm_._",
          "timestamp": 1715881520
        }
      ]
    },
    {
      "title": "",
      "media_list_data": [
        
      ],
      "string_list_data": [
        {
          "href": "https://www.instagram.com/diqn.pk",
          "value": "diqn.pk",
          "timestamp": 1715881479
        }
      ]
    },
    {
      "title": "",
      "media_list_data": [
        
      ],
      "string_list_data": [
        {
          "href": "https://www.instagram.com/bboy_zoolander",
          "value": "bboy_zoolander",
          "timestamp": 1715881471
        }
      ]
    },
    {
      "title": "",
      "media_list_data": [
        
      ],
      "string_list_data": [
        {
          "href": "https://www.instagram.com/bgirl_firebird",
          "value": "bgirl_firebird",
          "timestamp": 1715881438
        }
      ]
    },
    {
      "title": "",
      "media_list_data": [
        
      ],
      "string_list_data": [
        {
          "href": "https://www.instagram.com/iam.mbd",
          "value": "iam.mbd",
          "timestamp": 1709402973
        }
      ]
    },
    {
      "title": "",
      "media_list_data": [
        
      ],
      "string_list_data": [
        {
          "href": "https://www.instagram.com/boshevv",
          "value": "boshevv",
          "timestamp": 1682239228
        }
      ]
    },
    {
      "title": "",
      "media_list_data": [
        
      ],
      "string_list_data": [
        {
          "href": "https://www.instagram.com/inkmh_",
          "value": "inkmh_",
          "timestamp": 1656661926
        }
      ]
    }
  ]
}