{
  "relationships_following": [
    {
      "title": "dobriddd",
      "string_list_data": [
        {
          "href": "https://www.instagram.com/_u/dobriddd",
          "timestamp": 1770744713
        }
      ]
    },
    {
      "title": "___leonoraa_dnd",
      "string_list_data": [
        {
          "href": "https://www.instagram.com/_u/___leonoraa_dnd",
          "timestamp": 1770210167
        }
      ]
    },
    {
      "title": "__k.bancheva__",
      "string_list_data": [
        {
          "href": "https://www.instagram.com/_u/__k.bancheva__",
          "timestamp": 1769510906
        }
      ]
    },
    {
      "title": "kaloyan_tanev",
      "string_list_data": [
        {
          "href": "https://www.instagram.com/_u/kaloyan_tanev",
          "timestamp": 1769510705
        }
      ]
    },
    {
      "title": "ta_rza_n___",
      "string_list_data": [
        {
          "href": "https://www.instagram.com/_u/ta_rza_n___",
          "timestamp": 1769221393
        }
      ]
    },
    {
      "title": "_me3ll1i",
      "string_list_data": [
        {
          "href": "https://www.instagram.com/_u/_me3ll1i",
          "timestamp": 1769215494
        }
      ]
    },
    {
      "title": "v_peichewa",
      "string_list_data": [
        {
          "href": "https://www.instagram.com/_u/v_peichewa",
          "timestamp": 1768682930
        }
      ]
    },
    {
      "title": "kkkrystev",
      "string_list_data": [
        {
          "href": "https://www.instagram.com/_u/kkkrystev",
          "timestamp": 1768677792
        }
      ]
    },
    {
      "title": "georgi.petrov.05",
      "string_list_data": [
        {
          "href": "https://www.instagram.com/_u/georgi.petrov.05",
          "timestamp": 1768491241
        }
      ]
    },
    {
      "title": "te3dxxi",
      "string_list_data": [
        {
          "href": "https://www.instagram.com/_u/te3dxxi",
          "timestamp": 1768386712
        }
      ]
    },
    {
      "title": "yanadimdim",
      "string_list_data": [
        {
          "href": "https://www.instagram.com/_u/yanadimdim",
          "timestamp": 1768060761
        }
      ]
    },
    {
      "title": "artem_zxc1488",
      "string_list_data": [
        {
          "href": "https://www.instagram.com/_u/artem_zxc1488",
          "timestamp": 1767548841
        }
      ]
    },
    {
      "title": "xr_black_out_rx",
      "string_list_data": [
        {
          "href": "https://www.instagram.com/_u/xr_black_out_rx",
          "timestamp": 1767542577
        }
      ]
    },
    {
      "title": "dimitar__dobrev",
      "string_list_data": [
        {
          "href": "https://www.instagram.com/_u/dimitar__dobrev",
          "timestamp": 1767389070
        }
      ]
    },
    {
      "title": "ralchevanikol816",
      "string_list_data": [
        {
          "href": "https://www.instagram.com/_u/ralchevanikol816",
          "timestamp": 1767135384
        }
      ]
    },
    {
      "title": "nikolche1710",
      "string_list_data": [
        {
          "href": "https://www.instagram.com/_u/nikolche1710",
          "timestamp": 1767124945
        }
      ]
    },
    {
      "title": "teodichev",
      "string_list_data": [
        {
          "href": "https://www.instagram.com/_u/teodichev",
          "timestamp": 1767124752
        }
      ]
    },
    {
      "title": "boris_.ts",
      "string_list_data": [
        {
          "href": "https://www.instagram.com/_u/boris_.ts",
          "timestamp": 1765898206
        }
      ]
    },
    {
      "title": "financeacademy.bg",
      "string_list_data": [
        {
          "href": "https://www.instagram.com/_u/financeacademy.bg",
          "timestamp": 1765827673
        }
      ]
    },
    {
      "title": "kristiiqn.todorov",
      "string_list_data": [
        {
          "href": "https://www.instagram.com/_u/kristiiqn.todorov",
          "timestamp": 1765383181
        }
      ]
    },
    {
      "title": "100y00",
      "string_list_data": [
        {
          "href": "https://www.instagram.com/_u/100y00",
          "timestamp": 1765301347
        }
      ]
    },
    {
      "title": "victoria.chily",
      "string_list_data": [
        {
          "href": "https://www.instagram.com/_u/victoria.chily",
          "timestamp": 1765198625
        }
      ]
    },
    {
      "title": "a.nalbantova15",
      "string_list_data": [
        {
          "href": "https://www.instagram.com/_u/a.nalbantova15",
          "timestamp": 1765120907
        }
      ]
    },
    {
      "title": "_peterdobrev_",
      "string_list_data": [
        {
          "href": "https://www.instagram.com/_u/_peterdobrev_",
          "timestamp": 1763048072
        }
      ]
    },
    {
      "title": "yanaatrh",
      "string_list_data": [
        {
          "href": "https://www.instagram.com/_u/yanaatrh",
          "timestamp": 1762175109
        }
      ]
    },
    {
      "title": "phillgoodfestival",
      "string_list_data": [
        {
          "href": "https://www.instagram.com/_u/phillgoodfestival",
          "timestamp": 1761341867
        }
      ]
    },
    {
      "title": "jhnnshq",
      "string_list_data": [
        {
          "href": "https://www.instagram.com/_u/jhnnshq",
          "timestamp": 1761294687
        }
      ]
    },
    {
      "title": "s.doichev05",
      "string_list_data": [
        {
          "href": "https://www.instagram.com/_u/s.doichev05",
          "timestamp": 1760726734
        }
      ]
    },
    {
      "title": "drago.popov_",
      "string_list_data": [
        {
          "href": "https://www.instagram.com/_u/drago.popov_",
          "timestamp": 1760724121
        }
      ]
    },
    {
      "title": "i_stoyanov_",
      "string_list_data": [
        {
          "href": "https://www.instagram.com/_u/i_stoyanov_",
          "timestamp": 1760125833
        }
      ]
    },
    {
      "title": "tishkata___",
      "string_list_data": [
        {
          "href": "https://www.instagram.com/_u/tishkata___",
          "timestamp": 1759389400
        }
      ]
    },
    {
      "title": "desii_sh",
      "string_list_data": [
        {
          "href": "https://www.instagram.com/_u/desii_sh",
          "timestamp": 1759255826
        }
      ]
    },
    {
      "title": "hbengyuzov",
      "string_list_data": [
        {
          "href": "https://www.instagram.com/_u/hbengyuzov",
          "timestamp": 1758043989
        }
      ]
    },
    {
      "title": "mar_hristov",
      "string_list_data": [
        {
          "href": "https://www.instagram.com/_u/mar_hristov",
          "timestamp": 1758043961
        }
      ]
    },
    {
      "title": "tovaecirk",
      "string_list_data": [
        {
          "href": "https://www.instagram.com/_u/tovaecirk",
          "timestamp": 1757923215
        }
      ]
    },
    {
      "title": "vvankss",
      "string_list_data": [
        {
          "href": "https://www.instagram.com/_u/vvankss",
          "timestamp": 1753385813
        }
      ]
    },
    {
      "title": "martin_rdlv",
      "string_list_data": [
        {
          "href": "https://www.instagram.com/_u/martin_rdlv",
          "timestamp": 1751421414
        }
      ]
    },
    {
      "title": "lilfugaaa",
      "string_list_data": [
        {
          "href": "https://www.instagram.com/_u/lilfugaaa",
          "timestamp": 1751348884
        }
      ]
    },
    {
      "title": "kudeemusakata",
      "string_list_data": [
        {
          "href": "https://www.instagram.com/_u/kudeemusakata",
          "timestamp": 1748982690
        }
      ]
    },
    {
      "title": "vall.voykova",
      "string_list_data": [
        {
          "href": "https://www.instagram.com/_u/vall.voykova",
          "timestamp": 1748944568
        }
      ]
    },
    {
      "title": "slavi_rezashki",
      "string_list_data": [
        {
          "href": "https://www.instagram.com/_u/slavi_rezashki",
          "timestamp": 1748862112
        }
      ]
    },
    {
      "title": "ivaylloo_",
      "string_list_data": [
        {
          "href": "https://www.instagram.com/_u/ivaylloo_",
          "timestamp": 1748807584
        }
      ]
    },
    {
      "title": "viktor.ysv",
      "string_list_data": [
        {
          "href": "https://www.instagram.com/_u/viktor.ysv",
          "timestamp": 1747550990
        }
      ]
    },
    {
      "title": "a.dnvvv",
      "string_list_data": [
        {
          "href": "https://www.instagram.com/_u/a.dnvvv",
          "timestamp": 1746883239
        }
      ]
    },
    {
      "title": "nikimiki002",
      "string_list_data": [
        {
          "href": "https://www.instagram.com/_u/nikimiki002",
          "timestamp": 1746734027
        }
      ]
    },
    {
      "title": "_ppetiyaa_",
      "string_list_data": [
        {
          "href": "https://www.instagram.com/_u/_ppetiyaa_",
          "timestamp": 1745221474
        }
      ]
    },
    {
      "title": "_svetozarr",
      "string_list_data": [
        {
          "href": "https://www.instagram.com/_u/_svetozarr",
          "timestamp": 1744998883
        }
      ]
    },
    {
      "title": "_y0anaa_",
      "string_list_data": [
        {
          "href": "https://www.instagram.com/_u/_y0anaa_",
          "timestamp": 1744012559
        }
      ]
    },
    {
      "title": "n.chiko_",
      "string_list_data": [
        {
          "href": "https://www.instagram.com/_u/n.chiko_",
          "timestamp": 1743823023
        }
      ]
    },
    {
      "title": "placeboshopshishman51sofia",
      "string_list_data": [
        {
          "href": "https://www.instagram.com/_u/placeboshopshishman51sofia",
          "timestamp": 1743792804
        }
      ]
    },
    {
      "title": "_plamen_kalchev",
      "string_list_data": [
        {
          "href": "https://www.instagram.com/_u/_plamen_kalchev",
          "timestamp": 1743127877
        }
      ]
    },
    {
      "title": "mmkoleva",
      "string_list_data": [
        {
          "href": "https://www.instagram.com/_u/mmkoleva",
          "timestamp": 1743050169
        }
      ]
    },
    {
      "title": "andjelinastoyanova",
      "string_list_data": [
        {
          "href": "https://www.instagram.com/_u/andjelinastoyanova",
          "timestamp": 1740997083
        }
      ]
    },
    {
      "title": "todorowv__",
      "string_list_data": [
        {
          "href": "https://www.instagram.com/_u/todorowv__",
          "timestamp": 1740693995
        }
      ]
    },
    {
      "title": "stefan.hristov.bg",
      "string_list_data": [
        {
          "href": "https://www.instagram.com/_u/stefan.hristov.bg",
          "timestamp": 1740392293
        }
      ]
    },
    {
      "title": "lizard.sinno",
      "string_list_data": [
        {
          "href": "https://www.instagram.com/_u/lizard.sinno",
          "timestamp": 1737825150
        }
      ]
    },
    {
      "title": "nikolaneichev",
      "string_list_data": [
        {
          "href": "https://www.instagram.com/_u/nikolaneichev",
          "timestamp": 1737495596
        }
      ]
    },
    {
      "title": "peev.plamen",
      "string_list_data": [
        {
          "href": "https://www.instagram.com/_u/peev.plamen",
          "timestamp": 1735494474
        }
      ]
    },
    {
      "title": "colovatatyana",
      "string_list_data": [
        {
          "href": "https://www.instagram.com/_u/colovatatyana",
          "timestamp": 1734197055
        }
      ]
    },
    {
      "title": "notkidguppy",
      "string_list_data": [
        {
          "href": "https://www.instagram.com/_u/notkidguppy",
          "timestamp": 1733920529
        }
      ]
    },
    {
      "title": "yoana_knn",
      "string_list_data": [
        {
          "href": "https://www.instagram.com/_u/yoana_knn",
          "timestamp": 1733173371
        }
      ]
    },
    {
      "title": "sasho_angelov_05",
      "string_list_data": [
        {
          "href": "https://www.instagram.com/_u/sasho_angelov_05",
          "timestamp": 1732047868
        }
      ]
    },
    {
      "title": "bogomilpankov",
      "string_list_data": [
        {
          "href": "https://www.instagram.com/_u/bogomilpankov",
          "timestamp": 1731575128
        }
      ]
    },
    {
      "title": "wheelieyellow",
      "string_list_data": [
        {
          "href": "https://www.instagram.com/_u/wheelieyellow",
          "timestamp": 1731108340
        }
      ]
    },
    {
      "title": "mihaelakacarova_13_",
      "string_list_data": [
        {
          "href": "https://www.instagram.com/_u/mihaelakacarova_13_",
          "timestamp": 1731011552
        }
      ]
    },
    {
      "title": "petyaptkv",
      "string_list_data": [
        {
          "href": "https://www.instagram.com/_u/petyaptkv",
          "timestamp": 1730749485
        }
      ]
    },
    {
      "title": "dobril9",
      "string_list_data": [
        {
          "href": "https://www.instagram.com/_u/dobril9",
          "timestamp": 1730427283
        }
      ]
    },
    {
      "title": "feliciathegoat",
      "string_list_data": [
        {
          "href": "https://www.instagram.com/_u/feliciathegoat",
          "timestamp": 1730356157
        }
      ]
    },
    {
      "title": "georgi_mihalev404",
      "string_list_data": [
        {
          "href": "https://www.instagram.com/_u/georgi_mihalev404",
          "timestamp": 1730298727
        }
      ]
    },
    {
      "title": "xtedoz",
      "string_list_data": [
        {
          "href": "https://www.instagram.com/_u/xtedoz",
          "timestamp": 1729973652
        }
      ]
    },
    {
      "title": "alexivanov05",
      "string_list_data": [
        {
          "href": "https://www.instagram.com/_u/alexivanov05",
          "timestamp": 1729889094
        }
      ]
    },
    {
      "title": "_stam.beto_",
      "string_list_data": [
        {
          "href": "https://www.instagram.com/_u/_stam.beto_",
          "timestamp": 1729717265
        }
      ]
    },
    {
      "title": "lyutskanov.yulian",
      "string_list_data": [
        {
          "href": "https://www.instagram.com/_u/lyutskanov.yulian",
          "timestamp": 1729677853
        }
      ]
    },
    {
      "title": "_.mladenovv",
      "string_list_data": [
        {
          "href": "https://www.instagram.com/_u/_.mladenovv",
          "timestamp": 1729437957
        }
      ]
    },
    {
      "title": "urrarivadeneirafelipe",
      "string_list_data": [
        {
          "href": "https://www.instagram.com/_u/urrarivadeneirafelipe",
          "timestamp": 1729275726
        }
      ]
    },
    {
      "title": "alexsrebrov",
      "string_list_data": [
        {
          "href": "https://www.instagram.com/_u/alexsrebrov",
          "timestamp": 1729264105
        }
      ]
    },
    {
      "title": "____sesi____",
      "string_list_data": [
        {
          "href": "https://www.instagram.com/_u/____sesi____",
          "timestamp": 1729093030
        }
      ]
    },
    {
      "title": "reptile.sinno",
      "string_list_data": [
        {
          "href": "https://www.instagram.com/_u/reptile.sinno",
          "timestamp": 1727845172
        }
      ]
    },
    {
      "title": "tea.yyu",
      "string_list_data": [
        {
          "href": "https://www.instagram.com/_u/tea.yyu",
          "timestamp": 1727601709
        }
      ]
    },
    {
      "title": "angelovaa_mariq",
      "string_list_data": [
        {
          "href": "https://www.instagram.com/_u/angelovaa_mariq",
          "timestamp": 1727434986
        }
      ]
    },
    {
      "title": "polinizal",
      "string_list_data": [
        {
          "href": "https://www.instagram.com/_u/polinizal",
          "timestamp": 1727349402
        }
      ]
    },
    {
      "title": "valentinvkv",
      "string_list_data": [
        {
          "href": "https://www.instagram.com/_u/valentinvkv",
          "timestamp": 1726821385
        }
      ]
    },
    {
      "title": "kirilov.valeri",
      "string_list_data": [
        {
          "href": "https://www.instagram.com/_u/kirilov.valeri",
          "timestamp": 1726819486
        }
      ]
    },
    {
      "title": "bgirl_nishida",
      "string_list_data": [
        {
          "href": "https://www.instagram.com/_u/bgirl_nishida",
          "timestamp": 1726062193
        }
      ]
    },
    {
      "title": "lifeinfmi",
      "string_list_data": [
        {
          "href": "https://www.instagram.com/_u/lifeinfmi",
          "timestamp": 1725206218
        }
      ]
    },
    {
      "title": "ivaylochernaev_misul",
      "string_list_data": [
        {
          "href": "https://www.instagram.com/_u/ivaylochernaev_misul",
          "timestamp": 1723646239
        }
      ]
    },
    {
      "title": "z_kostadinow",
      "string_list_data": [
        {
          "href": "https://www.instagram.com/_u/z_kostadinow",
          "timestamp": 1722623695
        }
      ]
    },
    {
      "title": "olgadoykova",
      "string_list_data": [
        {
          "href": "https://www.instagram.com/_u/olgadoykova",
          "timestamp": 1719651794
        }
      ]
    },
    {
      "title": "diqn.surce.airqn",
      "string_list_data": [
        {
          "href": "https://www.instagram.com/_u/diqn.surce.airqn",
          "timestamp": 1718516429
        }
      ]
    },
    {
      "title": "vanko_tz",
      "string_list_data": [
        {
          "href": "https://www.instagram.com/_u/vanko_tz",
          "timestamp": 1718296293
        }
      ]
    },
    {
      "title": "2h2b",
      "string_list_data": [
        {
          "href": "https://www.instagram.com/_u/2h2b",
          "timestamp": 1718033271
        }
      ]
    },
    {
      "title": "g4nev",
      "string_list_data": [
        {
          "href": "https://www.instagram.com/_u/g4nev",
          "timestamp": 1715627563
        }
      ]
    },
    {
      "title": "ivnoff__",
      "string_list_data": [
        {
          "href": "https://www.instagram.com/_u/ivnoff__",
          "timestamp": 1713953009
        }
      ]
    },
    {
      "title": "gorillaz",
      "string_list_data": [
        {
          "href": "https://www.instagram.com/_u/gorillaz",
          "timestamp": 1712900032
        }
      ]
    },
    {
      "title": "bojanageorgiakoseva",
      "string_list_data": [
        {
          "href": "https://www.instagram.com/_u/bojanageorgiakoseva",
          "timestamp": 1712482427
        }
      ]
    },
    {
      "title": "_._angelm_._",
      "string_list_data": [
        {
          "href": "https://www.instagram.com/_u/_._angelm_._",
          "timestamp": 1711753252
        }
      ]
    },
    {
      "title": "niepsclub",
      "string_list_data": [
        {
          "href": "https://www.instagram.com/_u/niepsclub",
          "timestamp": 1710379004
        }
      ]
    },
    {
      "title": "todorov___777",
      "string_list_data": [
        {
          "href": "https://www.instagram.com/_u/todorov___777",
          "timestamp": 1706111503
        }
      ]
    },
    {
      "title": "diqn.pk",
      "string_list_data": [
        {
          "href": "https://www.instagram.com/_u/diqn.pk",
          "timestamp": 1704068257
        }
      ]
    },
    {
      "title": "boril.obreshkov",
      "string_list_data": [
        {
          "href": "https://www.instagram.com/_u/boril.obreshkov",
          "timestamp": 1703797665
        }
      ]
    },
    {
      "title": "_savovv_",
      "string_list_data": [
        {
          "href": "https://www.instagram.com/_u/_savovv_",
          "timestamp": 1699720660
        }
      ]
    },
    {
      "title": "mario_berberov",
      "string_list_data": [
        {
          "href": "https://www.instagram.com/_u/mario_berberov",
          "timestamp": 1699427458
        }
      ]
    },
    {
      "title": "_bojidar.p",
      "string_list_data": [
        {
          "href": "https://www.instagram.com/_u/_bojidar.p",
          "timestamp": 1698413447
        }
      ]
    },
    {
      "title": "ivanchobambi",
      "string_list_data": [
        {
          "href": "https://www.instagram.com/_u/ivanchobambi",
          "timestamp": 1698002581
        }
      ]
    },
    {
      "title": "lcvelykrisy",
      "string_list_data": [
        {
          "href": "https://www.instagram.com/_u/lcvelykrisy",
          "timestamp": 1695999171
        }
      ]
    },
    {
      "title": "bboy.sideswipe",
      "string_list_data": [
        {
          "href": "https://www.instagram.com/_u/bboy.sideswipe",
          "timestamp": 1691174901
        }
      ]
    },
    {
      "title": "bboy_nick.rock",
      "string_list_data": [
        {
          "href": "https://www.instagram.com/_u/bboy_nick.rock",
          "timestamp": 1691058184
        }
      ]
    },
    {
      "title": "black_style_squad",
      "string_list_data": [
        {
          "href": "https://www.instagram.com/_u/black_style_squad",
          "timestamp": 1685201089
        }
      ]
    },
    {
      "title": "_melanchollia",
      "string_list_data": [
        {
          "href": "https://www.instagram.com/_u/_melanchollia",
          "timestamp": 1682936434
        }
      ]
    },
    {
      "title": "beazt_tnc",
      "string_list_data": [
        {
          "href": "https://www.instagram.com/_u/beazt_tnc",
          "timestamp": 1682769768
        }
      ]
    },
    {
      "title": "bgirl_firebird",
      "string_list_data": [
        {
          "href": "https://www.instagram.com/_u/bgirl_firebird",
          "timestamp": 1682105377
        }
      ]
    },
    {
      "title": "bboy_zoolander",
      "string_list_data": [
        {
          "href": "https://www.instagram.com/_u/bboy_zoolander",
          "timestamp": 1682102543
        }
      ]
    },
    {
      "title": "diana_._k",
      "string_list_data": [
        {
          "href": "https://www.instagram.com/_u/diana_._k",
          "timestamp": 1681815541
        }
      ]
    },
    {
      "title": "bboy_centurion",
      "string_list_data": [
        {
          "href": "https://www.instagram.com/_u/bboy_centurion",
          "timestamp": 1680961364
        }
      ]
    },
    {
      "title": "iam.mbd",
      "string_list_data": [
        {
          "href": "https://www.instagram.com/_u/iam.mbd",
          "timestamp": 1680576155
        }
      ]
    },
    {
      "title": "bulgarian_breaking_federation",
      "string_list_data": [
        {
          "href": "https://www.instagram.com/_u/bulgarian_breaking_federation",
          "timestamp": 1679390459
        }
      ]
    },
    {
      "title": "y05pam5",
      "string_list_data": [
        {
          "href": "https://www.instagram.com/_u/y05pam5",
          "timestamp": 1668516749
        }
      ]
    },
    {
      "title": "ivan_nazarenko_",
      "string_list_data": [
        {
          "href": "https://www.instagram.com/_u/ivan_nazarenko_",
          "timestamp": 1667850819
        }
      ]
    },
    {
      "title": "greta.edreva",
      "string_list_data": [
        {
          "href": "https://www.instagram.com/_u/greta.edreva",
          "timestamp": 1664694737
        }
      ]
    },
    {
      "title": "simeonov_bobi",
      "string_list_data": [
        {
          "href": "https://www.instagram.com/_u/simeonov_bobi",
          "timestamp": 1664661531
        }
      ]
    },
    {
      "title": "val.1.m",
      "string_list_data": [
        {
          "href": "https://www.instagram.com/_u/val.1.m",
          "timestamp": 1664661458
        }
      ]
    },
    {
      "title": "wiol1na",
      "string_list_data": [
        {
          "href": "https://www.instagram.com/_u/wiol1na",
          "timestamp": 1664661450
        }
      ]
    },
    {
      "title": "feodorvasilev",
      "string_list_data": [
        {
          "href": "https://www.instagram.com/_u/feodorvasilev",
          "timestamp": 1663178418
        }
      ]
    },
    {
      "title": "tsurooooo",
      "string_list_data": [
        {
          "href": "https://www.instagram.com/_u/tsurooooo",
          "timestamp": 1661996230
        }
      ]
    },
    {
      "title": "vilda.karlsson._",
      "string_list_data": [
        {
          "href": "https://www.instagram.com/_u/vilda.karlsson._",
          "timestamp": 1661236177
        }
      ]
    },
    {
      "title": "dimov_808",
      "string_list_data": [
        {
          "href": "https://www.instagram.com/_u/dimov_808",
          "timestamp": 1660762752
        }
      ]
    },
    {
      "title": "mayushka_0",
      "string_list_data": [
        {
          "href": "https://www.instagram.com/_u/mayushka_0",
          "timestamp": 1660762645
        }
      ]
    },
    {
      "title": "pphilip300",
      "string_list_data": [
        {
          "href": "https://www.instagram.com/_u/pphilip300",
          "timestamp": 1660238194
        }
      ]
    },
    {
      "title": "yilchvmx",
      "string_list_data": [
        {
          "href": "https://www.instagram.com/_u/yilchvmx",
          "timestamp": 1659016652
        }
      ]
    },
    {
      "title": "irma.petkova",
      "string_list_data": [
        {
          "href": "https://www.instagram.com/_u/irma.petkova",
          "timestamp": 1655757290
        }
      ]
    },
    {
      "title": "radoslav05",
      "string_list_data": [
        {
          "href": "https://www.instagram.com/_u/radoslav05",
          "timestamp": 1654769340
        }
      ]
    },
    {
      "title": "y.doncheva",
      "string_list_data": [
        {
          "href": "https://www.instagram.com/_u/y.doncheva",
          "timestamp": 1652798027
        }
      ]
    },
    {
      "title": "boshevv",
      "string_list_data": [
        {
          "href": "https://www.instagram.com/_u/boshevv",
          "timestamp": 1652795669
        }
      ]
    },
    {
      "title": "s4nzu8",
      "string_list_data": [
        {
          "href": "https://www.instagram.com/_u/s4nzu8",
          "timestamp": 1652206398
        }
      ]
    },
    {
      "title": "ivomanchev_05",
      "string_list_data": [
        {
          "href": "https://www.instagram.com/_u/ivomanchev_05",
          "timestamp": 1651119602
        }
      ]
    },
    {
      "title": "filipdonchev",
      "string_list_data": [
        {
          "href": "https://www.instagram.com/_u/filipdonchev",
          "timestamp": 1648919154
        }
      ]
    },
    {
      "title": "sunny_shavov03",
      "string_list_data": [
        {
          "href": "https://www.instagram.com/_u/sunny_shavov03",
          "timestamp": 1637761606
        }
      ]
    },
    {
      "title": "ppepito08",
      "string_list_data": [
        {
          "href": "https://www.instagram.com/_u/ppepito08",
          "timestamp": 1635946105
        }
      ]
    },
    {
      "title": "eleventh_gg",
      "string_list_data": [
        {
          "href": "https://www.instagram.com/_u/eleventh_gg",
          "timestamp": 1634842818
        }
      ]
    },
    {
      "title": "an1ge1_7",
      "string_list_data": [
        {
          "href": "https://www.instagram.com/_u/an1ge1_7",
          "timestamp": 1622991254
        }
      ]
    },
    {
      "title": "inkmh_",
      "string_list_data": [
        {
          "href": "https://www.instagram.com/_u/inkmh_",
          "timestamp": 1622648158
        }
      ]
    },
    {
      "title": "hoodvideoswtf",
      "string_list_data": [
        {
          "href": "https://www.instagram.com/_u/hoodvideoswtf",
          "timestamp": 1621186832
        }
      ]
    },
    {
      "title": "k0tta.a",
      "string_list_data": [
        {
          "href": "https://www.instagram.com/_u/k0tta.a",
          "timestamp": 1609738840
        }
      ]
    },
    {
      "title": "marr11ya",
      "string_list_data": [
        {
          "href": "https://www.instagram.com/_u/marr11ya",
          "timestamp": 1609712352
        }
      ]
    },
    {
      "title": "nnedkovv",
      "string_list_data": [
        {
          "href": "https://www.instagram.com/_u/nnedkovv",
          "timestamp": 1608982388
        }
      ]
    },
    {
      "title": "sta3v",
      "string_list_data": [
        {
          "href": "https://www.instagram.com/_u/sta3v",
          "timestamp": 1604953198
        }
      ]
    },
    {
      "title": "_go6o_",
      "string_list_data": [
        {
          "href": "https://www.instagram.com/_u/_go6o_",
          "timestamp": 1602871174
        }
      ]
    },
    {
      "title": "pewdiepie",
      "string_list_data": [
        {
          "href": "https://www.instagram.com/_u/pewdiepie",
          "timestamp": 1597928431
        }
      ]
    },
    {
      "title": "itsmarziapie",
      "string_list_data": [
        {
          "href": "https://www.instagram.com/_u/itsmarziapie",
          "timestamp": 1597704555
        }
      ]
    },
    {
      "title": "klasicheskoto_pgkpi",
      "string_list_data": [
        {
          "href": "https://www.instagram.com/_u/klasicheskoto_pgkpi",
          "timestamp": 1586878852
        }
      ]
    },
    {
      "title": "yoana_agafonov",
      "string_list_data": [
        {
          "href": "https://www.instagram.com/_u/yoana_agafonov",
          "timestamp": 1584544412
        }
      ]
    },
    {
      "title": "alexstnklv",
      "string_list_data": [
        {
          "href": "https://www.instagram.com/_u/alexstnklv",
          "timestamp": 1581949543
        }
      ]
    },
    {
      "title": "agatsu.bs",
      "string_list_data": [
        {
          "href": "https://www.instagram.com/_u/agatsu.bs",
          "timestamp": 1579636304
        }
      ]
    },
    {
      "title": "todornedelchev",
      "string_list_data": [
        {
          "href": "https://www.instagram.com/_u/todornedelchev",
          "timestamp": 1579119550
        }
      ]
    },
    {
      "title": "roselinovamaya",
      "string_list_data": [
        {
          "href": "https://www.instagram.com/_u/roselinovamaya",
          "timestamp": 1579112174
        }
      ]
    },
    {
      "title": "petevhristo_",
      "string_list_data": [
        {
          "href": "https://www.instagram.com/_u/petevhristo_",
          "timestamp": 1579104514
        }
      ]
    },
    {
      "title": "roselinovanedelina",
      "string_list_data": [
        {
          "href": "https://www.instagram.com/_u/roselinovanedelina",
          "timestamp": 1579012383
        }
      ]
    },
    {
      "title": "admiral.general.kalin",
      "string_list_data": [
        {
          "href": "https://www.instagram.com/_u/admiral.general.kalin",
          "timestamp": 1579012381
        }
      ]
    },
    {
      "title": "krada_stirki",
      "string_list_data": [
        {
          "href": "https://www.instagram.com/_u/krada_stirki",
          "timestamp": 1579009489
        }
      ]
    }
  ]
}