[
  {
    "title": "",
    "media_list_data": [
      
    ],
    "string_list_data": [
      {
        "href": "https://www.instagram.com/a_kostov6",
        "value": "a_kostov6",
        "timestamp": 1771494056
      }
    ]
  },
  {
    "title": "",
    "media_list_data": [
      
    ],
    "string_list_data": [
      {
        "href": "https://www.instagram.com/dobriddd",
        "value": "dobriddd",
        "timestamp": 1770744733
      }
    ]
  },
  {
    "title": "",
    "media_list_data": [
      
    ],
    "string_list_data": [
      {
        "href": "https://www.instagram.com/___leonoraa_dnd",
        "value": "___leonoraa_dnd",
        "timestamp": 1770210123
      }
    ]
  },
  {
    "title": "",
    "media_list_data": [
      
    ],
    "string_list_data": [
      {
        "href": "https://www.instagram.com/kaloyan_tanev",
        "value": "kaloyan_tanev",
        "timestamp": 1769510682
      }
    ]
  },
  {
    "title": "",
    "media_list_data": [
      
    ],
    "string_list_data": [
      {
        "href": "https://www.instagram.com/bgirl_po",
        "value": "bgirl_po",
        "timestamp": 1769501885
      }
    ]
  },
  {
    "title": "",
    "media_list_data": [
      
    ],
    "string_list_data": [
      {
        "href": "https://www.instagram.com/ta_rza_n___",
        "value": "ta_rza_n___",
        "timestamp": 1769223269
      }
    ]
  },
  {
    "title": "",
    "media_list_data": [
      
    ],
    "string_list_data": [
      {
        "href": "https://www.instagram.com/_me3ll1i",
        "value": "_me3ll1i",
        "timestamp": 1769215553
      }
    ]
  },
  {
    "title": "",
    "media_list_data": [
      
    ],
    "string_list_data": [
      {
        "href": "https://www.instagram.com/walerkata",
        "value": "walerkata",
        "timestamp": 1768745115
      }
    ]
  },
  {
    "title": "",
    "media_list_data": [
      
    ],
    "string_list_data": [
      {
        "href": "https://www.instagram.com/hadzhiev_",
        "value": "hadzhiev_",
        "timestamp": 1768744717
      }
    ]
  },
  {
    "title": "",
    "media_list_data": [
      
    ],
    "string_list_data": [
      {
        "href": "https://www.instagram.com/momchil70k",
        "value": "momchil70k",
        "timestamp": 1768744715
      }
    ]
  },
  {
    "title": "",
    "media_list_data": [
      
    ],
    "string_list_data": [
      {
        "href": "https://www.instagram.com/balevmiroslav",
        "value": "balevmiroslav",
        "timestamp": 1768744667
      }
    ]
  },
  {
    "title": "",
    "media_list_data": [
      
    ],
    "string_list_data": [
      {
        "href": "https://www.instagram.com/__k.bancheva__",
        "value": "__k.bancheva__",
        "timestamp": 1768744339
      }
    ]
  },
  {
    "title": "",
    "media_list_data": [
      
    ],
    "string_list_data": [
      {
        "href": "https://www.instagram.com/kkkrystev",
        "value": "kkkrystev",
        "timestamp": 1768677792
      }
    ]
  },
  {
    "title": "",
    "media_list_data": [
      
    ],
    "string_list_data": [
      {
        "href": "https://www.instagram.com/v_peichewa",
        "value": "v_peichewa",
        "timestamp": 1768661200
      }
    ]
  },
  {
    "title": "",
    "media_list_data": [
      
    ],
    "string_list_data": [
      {
        "href": "https://www.instagram.com/te3dxxi",
        "value": "te3dxxi",
        "timestamp": 1768393829
      }
    ]
  },
  {
    "title": "",
    "media_list_data": [
      
    ],
    "string_list_data": [
      {
        "href": "https://www.instagram.com/tihovmartin",
        "value": "tihovmartin",
        "timestamp": 1768223344
      }
    ]
  },
  {
    "title": "",
    "media_list_data": [
      
    ],
    "string_list_data": [
      {
        "href": "https://www.instagram.com/yanadimdim",
        "value": "yanadimdim",
        "timestamp": 1768060741
      }
    ]
  },
  {
    "title": "",
    "media_list_data": [
      
    ],
    "string_list_data": [
      {
        "href": "https://www.instagram.com/georgi.petrov.05",
        "value": "georgi.petrov.05",
        "timestamp": 1767954401
      }
    ]
  },
  {
    "title": "",
    "media_list_data": [
      
    ],
    "string_list_data": [
      {
        "href": "https://www.instagram.com/vyara_iv",
        "value": "vyara_iv",
        "timestamp": 1767815496
      }
    ]
  },
  {
    "title": "",
    "media_list_data": [
      
    ],
    "string_list_data": [
      {
        "href": "https://www.instagram.com/stoyan5527",
        "value": "stoyan5527",
        "timestamp": 1767764198
      }
    ]
  },
  {
    "title": "",
    "media_list_data": [
      
    ],
    "string_list_data": [
      {
        "href": "https://www.instagram.com/dimitar__dobrev",
        "value": "dimitar__dobrev",
        "timestamp": 1767379195
      }
    ]
  },
  {
    "title": "",
    "media_list_data": [
      
    ],
    "string_list_data": [
      {
        "href": "https://www.instagram.com/teodichev",
        "value": "teodichev",
        "timestamp": 1767112952
      }
    ]
  },
  {
    "title": "",
    "media_list_data": [
      
    ],
    "string_list_data": [
      {
        "href": "https://www.instagram.com/kristiiqn.todorov",
        "value": "kristiiqn.todorov",
        "timestamp": 1765380886
      }
    ]
  },
  {
    "title": "",
    "media_list_data": [
      
    ],
    "string_list_data": [
      {
        "href": "https://www.instagram.com/100y00",
        "value": "100y00",
        "timestamp": 1765299985
      }
    ]
  },
  {
    "title": "",
    "media_list_data": [
      
    ],
    "string_list_data": [
      {
        "href": "https://www.instagram.com/victoria.chily",
        "value": "victoria.chily",
        "timestamp": 1765189757
      }
    ]
  },
  {
    "title": "",
    "media_list_data": [
      
    ],
    "string_list_data": [
      {
        "href": "https://www.instagram.com/avtoshinegarage",
        "value": "avtoshinegarage",
        "timestamp": 1765008999
      }
    ]
  },
  {
    "title": "",
    "media_list_data": [
      
    ],
    "string_list_data": [
      {
        "href": "https://www.instagram.com/rich_man_barbershop_bg",
        "value": "rich_man_barbershop_bg",
        "timestamp": 1763199469
      }
    ]
  },
  {
    "title": "",
    "media_list_data": [
      
    ],
    "string_list_data": [
      {
        "href": "https://www.instagram.com/pedropedro9447",
        "value": "pedropedro9447",
        "timestamp": 1763062479
      }
    ]
  },
  {
    "title": "",
    "media_list_data": [
      
    ],
    "string_list_data": [
      {
        "href": "https://www.instagram.com/yanaatrh",
        "value": "yanaatrh",
        "timestamp": 1762173675
      }
    ]
  },
  {
    "title": "",
    "media_list_data": [
      
    ],
    "string_list_data": [
      {
        "href": "https://www.instagram.com/victoria.bambalova",
        "value": "victoria.bambalova",
        "timestamp": 1761312514
      }
    ]
  },
  {
    "title": "",
    "media_list_data": [
      
    ],
    "string_list_data": [
      {
        "href": "https://www.instagram.com/tuff.thrift",
        "value": "tuff.thrift",
        "timestamp": 1761231924
      }
    ]
  },
  {
    "title": "",
    "media_list_data": [
      
    ],
    "string_list_data": [
      {
        "href": "https://www.instagram.com/s_stkv",
        "value": "s_stkv",
        "timestamp": 1760987029
      }
    ]
  },
  {
    "title": "",
    "media_list_data": [
      
    ],
    "string_list_data": [
      {
        "href": "https://www.instagram.com/drago.popov_",
        "value": "drago.popov_",
        "timestamp": 1760716439
      }
    ]
  },
  {
    "title": "",
    "media_list_data": [
      
    ],
    "string_list_data": [
      {
        "href": "https://www.instagram.com/i_stoyanov_",
        "value": "i_stoyanov_",
        "timestamp": 1760125661
      }
    ]
  },
  {
    "title": "",
    "media_list_data": [
      
    ],
    "string_list_data": [
      {
        "href": "https://www.instagram.com/tishkata___",
        "value": "tishkata___",
        "timestamp": 1760026396
      }
    ]
  },
  {
    "title": "",
    "media_list_data": [
      
    ],
    "string_list_data": [
      {
        "href": "https://www.instagram.com/pe.tur560",
        "value": "pe.tur560",
        "timestamp": 1758473144
      }
    ]
  },
  {
    "title": "",
    "media_list_data": [
      
    ],
    "string_list_data": [
      {
        "href": "https://www.instagram.com/jhnnshq",
        "value": "jhnnshq",
        "timestamp": 1757953899
      }
    ]
  },
  {
    "title": "",
    "media_list_data": [
      
    ],
    "string_list_data": [
      {
        "href": "https://www.instagram.com/hbengyuzov",
        "value": "hbengyuzov",
        "timestamp": 1757943983
      }
    ]
  },
  {
    "title": "",
    "media_list_data": [
      
    ],
    "string_list_data": [
      {
        "href": "https://www.instagram.com/g.georgieva_ggg",
        "value": "g.georgieva_ggg",
        "timestamp": 1757192397
      }
    ]
  },
  {
    "title": "",
    "media_list_data": [
      
    ],
    "string_list_data": [
      {
        "href": "https://www.instagram.com/_iivayla",
        "value": "_iivayla",
        "timestamp": 1757070655
      }
    ]
  },
  {
    "title": "",
    "media_list_data": [
      
    ],
    "string_list_data": [
      {
        "href": "https://www.instagram.com/ivanrusev8719",
        "value": "ivanrusev8719",
        "timestamp": 1754518170
      }
    ]
  },
  {
    "title": "",
    "media_list_data": [
      
    ],
    "string_list_data": [
      {
        "href": "https://www.instagram.com/thestoyandinev",
        "value": "thestoyandinev",
        "timestamp": 1753811059
      }
    ]
  },
  {
    "title": "",
    "media_list_data": [
      
    ],
    "string_list_data": [
      {
        "href": "https://www.instagram.com/beazt_tnc",
        "value": "beazt_tnc",
        "timestamp": 1753110322
      }
    ]
  },
  {
    "title": "",
    "media_list_data": [
      
    ],
    "string_list_data": [
      {
        "href": "https://www.instagram.com/8_.m.m.m.m._8",
        "value": "8_.m.m.m.m._8",
        "timestamp": 1749403975
      }
    ]
  },
  {
    "title": "",
    "media_list_data": [
      
    ],
    "string_list_data": [
      {
        "href": "https://www.instagram.com/slavi_rezashki",
        "value": "slavi_rezashki",
        "timestamp": 1748862113
      }
    ]
  },
  {
    "title": "",
    "media_list_data": [
      
    ],
    "string_list_data": [
      {
        "href": "https://www.instagram.com/ivaylloo_",
        "value": "ivaylloo_",
        "timestamp": 1748807585
      }
    ]
  },
  {
    "title": "",
    "media_list_data": [
      
    ],
    "string_list_data": [
      {
        "href": "https://www.instagram.com/b_girl_darsi_bkk",
        "value": "b_girl_darsi_bkk",
        "timestamp": 1748544104
      }
    ]
  },
  {
    "title": "",
    "media_list_data": [
      
    ],
    "string_list_data": [
      {
        "href": "https://www.instagram.com/bgirl_tuning",
        "value": "bgirl_tuning",
        "timestamp": 1748191324
      }
    ]
  },
  {
    "title": "",
    "media_list_data": [
      
    ],
    "string_list_data": [
      {
        "href": "https://www.instagram.com/viktor.ysv",
        "value": "viktor.ysv",
        "timestamp": 1747519265
      }
    ]
  },
  {
    "title": "",
    "media_list_data": [
      
    ],
    "string_list_data": [
      {
        "href": "https://www.instagram.com/nikimiki002",
        "value": "nikimiki002",
        "timestamp": 1746731767
      }
    ]
  },
  {
    "title": "",
    "media_list_data": [
      
    ],
    "string_list_data": [
      {
        "href": "https://www.instagram.com/ni.ko.l.a69",
        "value": "ni.ko.l.a69",
        "timestamp": 1746212102
      }
    ]
  },
  {
    "title": "",
    "media_list_data": [
      
    ],
    "string_list_data": [
      {
        "href": "https://www.instagram.com/rent.5ev",
        "value": "rent.5ev",
        "timestamp": 1746056247
      }
    ]
  },
  {
    "title": "",
    "media_list_data": [
      
    ],
    "string_list_data": [
      {
        "href": "https://www.instagram.com/_ppetiyaa_",
        "value": "_ppetiyaa_",
        "timestamp": 1745222202
      }
    ]
  },
  {
    "title": "",
    "media_list_data": [
      
    ],
    "string_list_data": [
      {
        "href": "https://www.instagram.com/vidana__stoyanova",
        "value": "vidana__stoyanova",
        "timestamp": 1745144560
      }
    ]
  },
  {
    "title": "",
    "media_list_data": [
      
    ],
    "string_list_data": [
      {
        "href": "https://www.instagram.com/_svetozarr",
        "value": "_svetozarr",
        "timestamp": 1744998936
      }
    ]
  },
  {
    "title": "",
    "media_list_data": [
      
    ],
    "string_list_data": [
      {
        "href": "https://www.instagram.com/slushalki22",
        "value": "slushalki22",
        "timestamp": 1744736547
      }
    ]
  },
  {
    "title": "",
    "media_list_data": [
      
    ],
    "string_list_data": [
      {
        "href": "https://www.instagram.com/n.chiko_",
        "value": "n.chiko_",
        "timestamp": 1743823025
      }
    ]
  },
  {
    "title": "",
    "media_list_data": [
      
    ],
    "string_list_data": [
      {
        "href": "https://www.instagram.com/petar.nedkov.mma",
        "value": "petar.nedkov.mma",
        "timestamp": 1743821159
      }
    ]
  },
  {
    "title": "",
    "media_list_data": [
      
    ],
    "string_list_data": [
      {
        "href": "https://www.instagram.com/_plamen_kalchev",
        "value": "_plamen_kalchev",
        "timestamp": 1743120826
      }
    ]
  },
  {
    "title": "",
    "media_list_data": [
      
    ],
    "string_list_data": [
      {
        "href": "https://www.instagram.com/mmkoleva",
        "value": "mmkoleva",
        "timestamp": 1743048961
      }
    ]
  },
  {
    "title": "",
    "media_list_data": [
      
    ],
    "string_list_data": [
      {
        "href": "https://www.instagram.com/pozharliev_",
        "value": "pozharliev_",
        "timestamp": 1742533502
      }
    ]
  },
  {
    "title": "",
    "media_list_data": [
      
    ],
    "string_list_data": [
      {
        "href": "https://www.instagram.com/psycho.cqx",
        "value": "psycho.cqx",
        "timestamp": 1741248602
      }
    ]
  },
  {
    "title": "",
    "media_list_data": [
      
    ],
    "string_list_data": [
      {
        "href": "https://www.instagram.com/andjelinastoyanova",
        "value": "andjelinastoyanova",
        "timestamp": 1740997086
      }
    ]
  },
  {
    "title": "",
    "media_list_data": [
      
    ],
    "string_list_data": [
      {
        "href": "https://www.instagram.com/todorowv__",
        "value": "todorowv__",
        "timestamp": 1740661381
      }
    ]
  },
  {
    "title": "",
    "media_list_data": [
      
    ],
    "string_list_data": [
      {
        "href": "https://www.instagram.com/stefan.hristov.bg",
        "value": "stefan.hristov.bg",
        "timestamp": 1740345950
      }
    ]
  },
  {
    "title": "",
    "media_list_data": [
      
    ],
    "string_list_data": [
      {
        "href": "https://www.instagram.com/russie_shishmanov",
        "value": "russie_shishmanov",
        "timestamp": 1738883869
      }
    ]
  },
  {
    "title": "",
    "media_list_data": [
      
    ],
    "string_list_data": [
      {
        "href": "https://www.instagram.com/elitzasiromahova",
        "value": "elitzasiromahova",
        "timestamp": 1737804767
      }
    ]
  },
  {
    "title": "",
    "media_list_data": [
      
    ],
    "string_list_data": [
      {
        "href": "https://www.instagram.com/nikolaneichev",
        "value": "nikolaneichev",
        "timestamp": 1737494424
      }
    ]
  },
  {
    "title": "",
    "media_list_data": [
      
    ],
    "string_list_data": [
      {
        "href": "https://www.instagram.com/filipdonchev",
        "value": "filipdonchev",
        "timestamp": 1737374222
      }
    ]
  },
  {
    "title": "",
    "media_list_data": [
      
    ],
    "string_list_data": [
      {
        "href": "https://www.instagram.com/peev.plamen",
        "value": "peev.plamen",
        "timestamp": 1735494516
      }
    ]
  },
  {
    "title": "",
    "media_list_data": [
      
    ],
    "string_list_data": [
      {
        "href": "https://www.instagram.com/ajadmiral77",
        "value": "ajadmiral77",
        "timestamp": 1735070372
      }
    ]
  },
  {
    "title": "",
    "media_list_data": [
      
    ],
    "string_list_data": [
      {
        "href": "https://www.instagram.com/colovatatyana",
        "value": "colovatatyana",
        "timestamp": 1734197053
      }
    ]
  },
  {
    "title": "",
    "media_list_data": [
      
    ],
    "string_list_data": [
      {
        "href": "https://www.instagram.com/mirela_af0622",
        "value": "mirela_af0622",
        "timestamp": 1733491400
      }
    ]
  },
  {
    "title": "",
    "media_list_data": [
      
    ],
    "string_list_data": [
      {
        "href": "https://www.instagram.com/anatolidzhokov",
        "value": "anatolidzhokov",
        "timestamp": 1733231819
      }
    ]
  },
  {
    "title": "",
    "media_list_data": [
      
    ],
    "string_list_data": [
      {
        "href": "https://www.instagram.com/yoana_knn",
        "value": "yoana_knn",
        "timestamp": 1733171907
      }
    ]
  },
  {
    "title": "",
    "media_list_data": [
      
    ],
    "string_list_data": [
      {
        "href": "https://www.instagram.com/mitevakati02",
        "value": "mitevakati02",
        "timestamp": 1732741752
      }
    ]
  },
  {
    "title": "",
    "media_list_data": [
      
    ],
    "string_list_data": [
      {
        "href": "https://www.instagram.com/bul.bbx",
        "value": "bul.bbx",
        "timestamp": 1732050854
      }
    ]
  },
  {
    "title": "",
    "media_list_data": [
      
    ],
    "string_list_data": [
      {
        "href": "https://www.instagram.com/bogomilpankov",
        "value": "bogomilpankov",
        "timestamp": 1731524168
      }
    ]
  },
  {
    "title": "",
    "media_list_data": [
      
    ],
    "string_list_data": [
      {
        "href": "https://www.instagram.com/bboy_alekjan",
        "value": "bboy_alekjan",
        "timestamp": 1731356620
      }
    ]
  },
  {
    "title": "",
    "media_list_data": [
      
    ],
    "string_list_data": [
      {
        "href": "https://www.instagram.com/bebo17623",
        "value": "bebo17623",
        "timestamp": 1731169308
      }
    ]
  },
  {
    "title": "",
    "media_list_data": [
      
    ],
    "string_list_data": [
      {
        "href": "https://www.instagram.com/sasho_angelov_05",
        "value": "sasho_angelov_05",
        "timestamp": 1730913885
      }
    ]
  },
  {
    "title": "",
    "media_list_data": [
      
    ],
    "string_list_data": [
      {
        "href": "https://www.instagram.com/riomisstery1",
        "value": "riomisstery1",
        "timestamp": 1730913171
      }
    ]
  },
  {
    "title": "",
    "media_list_data": [
      
    ],
    "string_list_data": [
      {
        "href": "https://www.instagram.com/petyaptkv",
        "value": "petyaptkv",
        "timestamp": 1730749485
      }
    ]
  },
  {
    "title": "",
    "media_list_data": [
      
    ],
    "string_list_data": [
      {
        "href": "https://www.instagram.com/dobril9",
        "value": "dobril9",
        "timestamp": 1730427269
      }
    ]
  },
  {
    "title": "",
    "media_list_data": [
      
    ],
    "string_list_data": [
      {
        "href": "https://www.instagram.com/mimikacheva_511",
        "value": "mimikacheva_511",
        "timestamp": 1730025653
      }
    ]
  },
  {
    "title": "",
    "media_list_data": [
      
    ],
    "string_list_data": [
      {
        "href": "https://www.instagram.com/xtedoz",
        "value": "xtedoz",
        "timestamp": 1729973654
      }
    ]
  },
  {
    "title": "",
    "media_list_data": [
      
    ],
    "string_list_data": [
      {
        "href": "https://www.instagram.com/alexivanov05",
        "value": "alexivanov05",
        "timestamp": 1729887923
      }
    ]
  },
  {
    "title": "",
    "media_list_data": [
      
    ],
    "string_list_data": [
      {
        "href": "https://www.instagram.com/_stam.beto_",
        "value": "_stam.beto_",
        "timestamp": 1729767471
      }
    ]
  },
  {
    "title": "",
    "media_list_data": [
      
    ],
    "string_list_data": [
      {
        "href": "https://www.instagram.com/lyutskanov.yulian",
        "value": "lyutskanov.yulian",
        "timestamp": 1729675207
      }
    ]
  },
  {
    "title": "",
    "media_list_data": [
      
    ],
    "string_list_data": [
      {
        "href": "https://www.instagram.com/_.mladenovv",
        "value": "_.mladenovv",
        "timestamp": 1729437687
      }
    ]
  },
  {
    "title": "",
    "media_list_data": [
      
    ],
    "string_list_data": [
      {
        "href": "https://www.instagram.com/a.dnvvv",
        "value": "a.dnvvv",
        "timestamp": 1729392882
      }
    ]
  },
  {
    "title": "",
    "media_list_data": [
      
    ],
    "string_list_data": [
      {
        "href": "https://www.instagram.com/georgi_mihalev404",
        "value": "georgi_mihalev404",
        "timestamp": 1729358232
      }
    ]
  },
  {
    "title": "",
    "media_list_data": [
      
    ],
    "string_list_data": [
      {
        "href": "https://www.instagram.com/urrarivadeneirafelipe",
        "value": "urrarivadeneirafelipe",
        "timestamp": 1729274321
      }
    ]
  },
  {
    "title": "",
    "media_list_data": [
      
    ],
    "string_list_data": [
      {
        "href": "https://www.instagram.com/alexsrebrov",
        "value": "alexsrebrov",
        "timestamp": 1729263393
      }
    ]
  },
  {
    "title": "",
    "media_list_data": [
      
    ],
    "string_list_data": [
      {
        "href": "https://www.instagram.com/burgas_puppet_theatre",
        "value": "burgas_puppet_theatre",
        "timestamp": 1729254870
      }
    ]
  },
  {
    "title": "",
    "media_list_data": [
      
    ],
    "string_list_data": [
      {
        "href": "https://www.instagram.com/____sesi____",
        "value": "____sesi____",
        "timestamp": 1729103207
      }
    ]
  },
  {
    "title": "",
    "media_list_data": [
      
    ],
    "string_list_data": [
      {
        "href": "https://www.instagram.com/martin_rdlv",
        "value": "martin_rdlv",
        "timestamp": 1729092727
      }
    ]
  },
  {
    "title": "",
    "media_list_data": [
      
    ],
    "string_list_data": [
      {
        "href": "https://www.instagram.com/vall.voykova",
        "value": "vall.voykova",
        "timestamp": 1728372325
      }
    ]
  },
  {
    "title": "",
    "media_list_data": [
      
    ],
    "string_list_data": [
      {
        "href": "https://www.instagram.com/kaliinaa_g",
        "value": "kaliinaa_g",
        "timestamp": 1728315023
      }
    ]
  },
  {
    "title": "",
    "media_list_data": [
      
    ],
    "string_list_data": [
      {
        "href": "https://www.instagram.com/reptile.sinno",
        "value": "reptile.sinno",
        "timestamp": 1728053234
      }
    ]
  },
  {
    "title": "",
    "media_list_data": [
      
    ],
    "string_list_data": [
      {
        "href": "https://www.instagram.com/boris_.ts",
        "value": "boris_.ts",
        "timestamp": 1727803114
      }
    ]
  },
  {
    "title": "",
    "media_list_data": [
      
    ],
    "string_list_data": [
      {
        "href": "https://www.instagram.com/tea.yyu",
        "value": "tea.yyu",
        "timestamp": 1727596845
      }
    ]
  },
  {
    "title": "",
    "media_list_data": [
      
    ],
    "string_list_data": [
      {
        "href": "https://www.instagram.com/desii_sh",
        "value": "desii_sh",
        "timestamp": 1727588648
      }
    ]
  },
  {
    "title": "",
    "media_list_data": [
      
    ],
    "string_list_data": [
      {
        "href": "https://www.instagram.com/smal_art17",
        "value": "smal_art17",
        "timestamp": 1727514808
      }
    ]
  },
  {
    "title": "",
    "media_list_data": [
      
    ],
    "string_list_data": [
      {
        "href": "https://www.instagram.com/angelovaa_mariq",
        "value": "angelovaa_mariq",
        "timestamp": 1727433203
      }
    ]
  },
  {
    "title": "",
    "media_list_data": [
      
    ],
    "string_list_data": [
      {
        "href": "https://www.instagram.com/_peterdobrev_",
        "value": "_peterdobrev_",
        "timestamp": 1727431183
      }
    ]
  },
  {
    "title": "",
    "media_list_data": [
      
    ],
    "string_list_data": [
      {
        "href": "https://www.instagram.com/polinizal",
        "value": "polinizal",
        "timestamp": 1727346640
      }
    ]
  },
  {
    "title": "",
    "media_list_data": [
      
    ],
    "string_list_data": [
      {
        "href": "https://www.instagram.com/lcvelykrisy",
        "value": "lcvelykrisy",
        "timestamp": 1727167543
      }
    ]
  },
  {
    "title": "",
    "media_list_data": [
      
    ],
    "string_list_data": [
      {
        "href": "https://www.instagram.com/valentinvkv",
        "value": "valentinvkv",
        "timestamp": 1726821364
      }
    ]
  },
  {
    "title": "",
    "media_list_data": [
      
    ],
    "string_list_data": [
      {
        "href": "https://www.instagram.com/kirilov.valeri",
        "value": "kirilov.valeri",
        "timestamp": 1726819483
      }
    ]
  },
  {
    "title": "",
    "media_list_data": [
      
    ],
    "string_list_data": [
      {
        "href": "https://www.instagram.com/bgirl_nishida",
        "value": "bgirl_nishida",
        "timestamp": 1726062193
      }
    ]
  },
  {
    "title": "",
    "media_list_data": [
      
    ],
    "string_list_data": [
      {
        "href": "https://www.instagram.com/m1sha.prvs",
        "value": "m1sha.prvs",
        "timestamp": 1725745121
      }
    ]
  },
  {
    "title": "",
    "media_list_data": [
      
    ],
    "string_list_data": [
      {
        "href": "https://www.instagram.com/m_stokovaa",
        "value": "m_stokovaa",
        "timestamp": 1725726230
      }
    ]
  },
  {
    "title": "",
    "media_list_data": [
      
    ],
    "string_list_data": [
      {
        "href": "https://www.instagram.com/reelixbg",
        "value": "reelixbg",
        "timestamp": 1725706742
      }
    ]
  },
  {
    "title": "",
    "media_list_data": [
      
    ],
    "string_list_data": [
      {
        "href": "https://www.instagram.com/ivaylochernaev_misul",
        "value": "ivaylochernaev_misul",
        "timestamp": 1723645908
      }
    ]
  },
  {
    "title": "",
    "media_list_data": [
      
    ],
    "string_list_data": [
      {
        "href": "https://www.instagram.com/lilfugaaa",
        "value": "lilfugaaa",
        "timestamp": 1722978502
      }
    ]
  },
  {
    "title": "",
    "media_list_data": [
      
    ],
    "string_list_data": [
      {
        "href": "https://www.instagram.com/nick.pptr",
        "value": "nick.pptr",
        "timestamp": 1722278545
      }
    ]
  },
  {
    "title": "",
    "media_list_data": [
      
    ],
    "string_list_data": [
      {
        "href": "https://www.instagram.com/niki_auto_varna",
        "value": "niki_auto_varna",
        "timestamp": 1721942611
      }
    ]
  },
  {
    "title": "",
    "media_list_data": [
      
    ],
    "string_list_data": [
      {
        "href": "https://www.instagram.com/mihaelakacarova_13_",
        "value": "mihaelakacarova_13_",
        "timestamp": 1720635436
      }
    ]
  },
  {
    "title": "",
    "media_list_data": [
      
    ],
    "string_list_data": [
      {
        "href": "https://www.instagram.com/xr_black_out_rx",
        "value": "xr_black_out_rx",
        "timestamp": 1720466741
      }
    ]
  },
  {
    "title": "",
    "media_list_data": [
      
    ],
    "string_list_data": [
      {
        "href": "https://www.instagram.com/m._kolevaaa._",
        "value": "m._kolevaaa._",
        "timestamp": 1720425530
      }
    ]
  },
  {
    "title": "",
    "media_list_data": [
      
    ],
    "string_list_data": [
      {
        "href": "https://www.instagram.com/zlatomiraivanovaa",
        "value": "zlatomiraivanovaa",
        "timestamp": 1720108795
      }
    ]
  },
  {
    "title": "",
    "media_list_data": [
      
    ],
    "string_list_data": [
      {
        "href": "https://www.instagram.com/olgadoykova",
        "value": "olgadoykova",
        "timestamp": 1719651794
      }
    ]
  },
  {
    "title": "",
    "media_list_data": [
      
    ],
    "string_list_data": [
      {
        "href": "https://www.instagram.com/sunnyf3n",
        "value": "sunnyf3n",
        "timestamp": 1719651440
      }
    ]
  },
  {
    "title": "",
    "media_list_data": [
      
    ],
    "string_list_data": [
      {
        "href": "https://www.instagram.com/mf_juja",
        "value": "mf_juja",
        "timestamp": 1719651157
      }
    ]
  },
  {
    "title": "",
    "media_list_data": [
      
    ],
    "string_list_data": [
      {
        "href": "https://www.instagram.com/a.nalbantova15",
        "value": "a.nalbantova15",
        "timestamp": 1719651038
      }
    ]
  },
  {
    "title": "",
    "media_list_data": [
      
    ],
    "string_list_data": [
      {
        "href": "https://www.instagram.com/ralchevanikol816",
        "value": "ralchevanikol816",
        "timestamp": 1719650663
      }
    ]
  },
  {
    "title": "",
    "media_list_data": [
      
    ],
    "string_list_data": [
      {
        "href": "https://www.instagram.com/nikolche1710",
        "value": "nikolche1710",
        "timestamp": 1719650288
      }
    ]
  },
  {
    "title": "",
    "media_list_data": [
      
    ],
    "string_list_data": [
      {
        "href": "https://www.instagram.com/marridim",
        "value": "marridim",
        "timestamp": 1719647155
      }
    ]
  },
  {
    "title": "",
    "media_list_data": [
      
    ],
    "string_list_data": [
      {
        "href": "https://www.instagram.com/princeigor_thedog",
        "value": "princeigor_thedog",
        "timestamp": 1719262144
      }
    ]
  },
  {
    "title": "",
    "media_list_data": [
      
    ],
    "string_list_data": [
      {
        "href": "https://www.instagram.com/dionisow",
        "value": "dionisow",
        "timestamp": 1719155445
      }
    ]
  },
  {
    "title": "",
    "media_list_data": [
      
    ],
    "string_list_data": [
      {
        "href": "https://www.instagram.com/duda._.georgieva",
        "value": "duda._.georgieva",
        "timestamp": 1719000895
      }
    ]
  },
  {
    "title": "",
    "media_list_data": [
      
    ],
    "string_list_data": [
      {
        "href": "https://www.instagram.com/__gossaide__",
        "value": "__gossaide__",
        "timestamp": 1718546416
      }
    ]
  },
  {
    "title": "",
    "media_list_data": [
      
    ],
    "string_list_data": [
      {
        "href": "https://www.instagram.com/yor.dan2007",
        "value": "yor.dan2007",
        "timestamp": 1717049927
      }
    ]
  },
  {
    "title": "",
    "media_list_data": [
      
    ],
    "string_list_data": [
      {
        "href": "https://www.instagram.com/vanks_photography",
        "value": "vanks_photography",
        "timestamp": 1715775737
      }
    ]
  },
  {
    "title": "",
    "media_list_data": [
      
    ],
    "string_list_data": [
      {
        "href": "https://www.instagram.com/g4nev",
        "value": "g4nev",
        "timestamp": 1715627566
      }
    ]
  },
  {
    "title": "",
    "media_list_data": [
      
    ],
    "string_list_data": [
      {
        "href": "https://www.instagram.com/bgirl_mslay",
        "value": "bgirl_mslay",
        "timestamp": 1715588123
      }
    ]
  },
  {
    "title": "",
    "media_list_data": [
      
    ],
    "string_list_data": [
      {
        "href": "https://www.instagram.com/ivnoff__",
        "value": "ivnoff__",
        "timestamp": 1713954263
      }
    ]
  },
  {
    "title": "",
    "media_list_data": [
      
    ],
    "string_list_data": [
      {
        "href": "https://www.instagram.com/goshotrendafilov",
        "value": "goshotrendafilov",
        "timestamp": 1713944348
      }
    ]
  },
  {
    "title": "",
    "media_list_data": [
      
    ],
    "string_list_data": [
      {
        "href": "https://www.instagram.com/nikole_nikolova_",
        "value": "nikole_nikolova_",
        "timestamp": 1713261999
      }
    ]
  },
  {
    "title": "",
    "media_list_data": [
      
    ],
    "string_list_data": [
      {
        "href": "https://www.instagram.com/g.deqnova.a",
        "value": "g.deqnova.a",
        "timestamp": 1712926709
      }
    ]
  },
  {
    "title": "",
    "media_list_data": [
      
    ],
    "string_list_data": [
      {
        "href": "https://www.instagram.com/bojanageorgiakoseva",
        "value": "bojanageorgiakoseva",
        "timestamp": 1712481944
      }
    ]
  },
  {
    "title": "",
    "media_list_data": [
      
    ],
    "string_list_data": [
      {
        "href": "https://www.instagram.com/_y0anaa_",
        "value": "_y0anaa_",
        "timestamp": 1712476939
      }
    ]
  },
  {
    "title": "",
    "media_list_data": [
      
    ],
    "string_list_data": [
      {
        "href": "https://www.instagram.com/_._angelm_._",
        "value": "_._angelm_._",
        "timestamp": 1711753224
      }
    ]
  },
  {
    "title": "",
    "media_list_data": [
      
    ],
    "string_list_data": [
      {
        "href": "https://www.instagram.com/bboyliltufi.97",
        "value": "bboyliltufi.97",
        "timestamp": 1711354715
      }
    ]
  },
  {
    "title": "",
    "media_list_data": [
      
    ],
    "string_list_data": [
      {
        "href": "https://www.instagram.com/_stoyanov_ivaylo",
        "value": "_stoyanov_ivaylo",
        "timestamp": 1709212784
      }
    ]
  },
  {
    "title": "",
    "media_list_data": [
      
    ],
    "string_list_data": [
      {
        "href": "https://www.instagram.com/e_lapcheva.9",
        "value": "e_lapcheva.9",
        "timestamp": 1709020968
      }
    ]
  },
  {
    "title": "",
    "media_list_data": [
      
    ],
    "string_list_data": [
      {
        "href": "https://www.instagram.com/r_gsnv5",
        "value": "r_gsnv5",
        "timestamp": 1708872866
      }
    ]
  },
  {
    "title": "",
    "media_list_data": [
      
    ],
    "string_list_data": [
      {
        "href": "https://www.instagram.com/beta.conev",
        "value": "beta.conev",
        "timestamp": 1708593505
      }
    ]
  },
  {
    "title": "",
    "media_list_data": [
      
    ],
    "string_list_data": [
      {
        "href": "https://www.instagram.com/gabriel_dimitrov2020",
        "value": "gabriel_dimitrov2020",
        "timestamp": 1708373892
      }
    ]
  },
  {
    "title": "",
    "media_list_data": [
      
    ],
    "string_list_data": [
      {
        "href": "https://www.instagram.com/auto.bik.official",
        "value": "auto.bik.official",
        "timestamp": 1707151888
      }
    ]
  },
  {
    "title": "",
    "media_list_data": [
      
    ],
    "string_list_data": [
      {
        "href": "https://www.instagram.com/y05pam5",
        "value": "y05pam5",
        "timestamp": 1707130336
      }
    ]
  },
  {
    "title": "",
    "media_list_data": [
      
    ],
    "string_list_data": [
      {
        "href": "https://www.instagram.com/_mayaa_iv",
        "value": "_mayaa_iv",
        "timestamp": 1706482286
      }
    ]
  },
  {
    "title": "",
    "media_list_data": [
      
    ],
    "string_list_data": [
      {
        "href": "https://www.instagram.com/sstamen._",
        "value": "sstamen._",
        "timestamp": 1706385766
      }
    ]
  },
  {
    "title": "",
    "media_list_data": [
      
    ],
    "string_list_data": [
      {
        "href": "https://www.instagram.com/s.doichev05",
        "value": "s.doichev05",
        "timestamp": 1706276178
      }
    ]
  },
  {
    "title": "",
    "media_list_data": [
      
    ],
    "string_list_data": [
      {
        "href": "https://www.instagram.com/todorov___777",
        "value": "todorov___777",
        "timestamp": 1706111509
      }
    ]
  },
  {
    "title": "",
    "media_list_data": [
      
    ],
    "string_list_data": [
      {
        "href": "https://www.instagram.com/kamensimeonovnikolov",
        "value": "kamensimeonovnikolov",
        "timestamp": 1705961664
      }
    ]
  },
  {
    "title": "",
    "media_list_data": [
      
    ],
    "string_list_data": [
      {
        "href": "https://www.instagram.com/sisi_g_753",
        "value": "sisi_g_753",
        "timestamp": 1705862720
      }
    ]
  },
  {
    "title": "",
    "media_list_data": [
      
    ],
    "string_list_data": [
      {
        "href": "https://www.instagram.com/addict10n",
        "value": "addict10n",
        "timestamp": 1705846709
      }
    ]
  },
  {
    "title": "",
    "media_list_data": [
      
    ],
    "string_list_data": [
      {
        "href": "https://www.instagram.com/stoyana.aa",
        "value": "stoyana.aa",
        "timestamp": 1705399803
      }
    ]
  },
  {
    "title": "",
    "media_list_data": [
      
    ],
    "string_list_data": [
      {
        "href": "https://www.instagram.com/borimechkata__",
        "value": "borimechkata__",
        "timestamp": 1704396031
      }
    ]
  },
  {
    "title": "",
    "media_list_data": [
      
    ],
    "string_list_data": [
      {
        "href": "https://www.instagram.com/diqn.pk",
        "value": "diqn.pk",
        "timestamp": 1704104800
      }
    ]
  },
  {
    "title": "",
    "media_list_data": [
      
    ],
    "string_list_data": [
      {
        "href": "https://www.instagram.com/ldimitrov96",
        "value": "ldimitrov96",
        "timestamp": 1703463160
      }
    ]
  },
  {
    "title": "",
    "media_list_data": [
      
    ],
    "string_list_data": [
      {
        "href": "https://www.instagram.com/_tarashev",
        "value": "_tarashev",
        "timestamp": 1702831159
      }
    ]
  },
  {
    "title": "",
    "media_list_data": [
      
    ],
    "string_list_data": [
      {
        "href": "https://www.instagram.com/p._.petkov5",
        "value": "p._.petkov5",
        "timestamp": 1702503784
      }
    ]
  },
  {
    "title": "",
    "media_list_data": [
      
    ],
    "string_list_data": [
      {
        "href": "https://www.instagram.com/kamika_nikolov06",
        "value": "kamika_nikolov06",
        "timestamp": 1702410830
      }
    ]
  },
  {
    "title": "",
    "media_list_data": [
      
    ],
    "string_list_data": [
      {
        "href": "https://www.instagram.com/pe.tar4004",
        "value": "pe.tar4004",
        "timestamp": 1700421294
      }
    ]
  },
  {
    "title": "",
    "media_list_data": [
      
    ],
    "string_list_data": [
      {
        "href": "https://www.instagram.com/bboy.sideswipe",
        "value": "bboy.sideswipe",
        "timestamp": 1699792291
      }
    ]
  },
  {
    "title": "",
    "media_list_data": [
      
    ],
    "string_list_data": [
      {
        "href": "https://www.instagram.com/g_lyubena_g",
        "value": "g_lyubena_g",
        "timestamp": 1699776242
      }
    ]
  },
  {
    "title": "",
    "media_list_data": [
      
    ],
    "string_list_data": [
      {
        "href": "https://www.instagram.com/mario_berberov",
        "value": "mario_berberov",
        "timestamp": 1699427455
      }
    ]
  },
  {
    "title": "",
    "media_list_data": [
      
    ],
    "string_list_data": [
      {
        "href": "https://www.instagram.com/g.stoyanov._",
        "value": "g.stoyanov._",
        "timestamp": 1699344460
      }
    ]
  },
  {
    "title": "",
    "media_list_data": [
      
    ],
    "string_list_data": [
      {
        "href": "https://www.instagram.com/ishwisjw7",
        "value": "ishwisjw7",
        "timestamp": 1699277282
      }
    ]
  },
  {
    "title": "",
    "media_list_data": [
      
    ],
    "string_list_data": [
      {
        "href": "https://www.instagram.com/taligadzhiev_",
        "value": "taligadzhiev_",
        "timestamp": 1699198261
      }
    ]
  },
  {
    "title": "",
    "media_list_data": [
      
    ],
    "string_list_data": [
      {
        "href": "https://www.instagram.com/marielaaa_ss",
        "value": "marielaaa_ss",
        "timestamp": 1698927522
      }
    ]
  },
  {
    "title": "",
    "media_list_data": [
      
    ],
    "string_list_data": [
      {
        "href": "https://www.instagram.com/stambata_80",
        "value": "stambata_80",
        "timestamp": 1698410781
      }
    ]
  },
  {
    "title": "",
    "media_list_data": [
      
    ],
    "string_list_data": [
      {
        "href": "https://www.instagram.com/al.eksandr1161",
        "value": "al.eksandr1161",
        "timestamp": 1698160123
      }
    ]
  },
  {
    "title": "",
    "media_list_data": [
      
    ],
    "string_list_data": [
      {
        "href": "https://www.instagram.com/ivanchobambi",
        "value": "ivanchobambi",
        "timestamp": 1698002583
      }
    ]
  },
  {
    "title": "",
    "media_list_data": [
      
    ],
    "string_list_data": [
      {
        "href": "https://www.instagram.com/_thanos.xnrg_",
        "value": "_thanos.xnrg_",
        "timestamp": 1697267511
      }
    ]
  },
  {
    "title": "",
    "media_list_data": [
      
    ],
    "string_list_data": [
      {
        "href": "https://www.instagram.com/onelastfreeze",
        "value": "onelastfreeze",
        "timestamp": 1696956170
      }
    ]
  },
  {
    "title": "",
    "media_list_data": [
      
    ],
    "string_list_data": [
      {
        "href": "https://www.instagram.com/artem_zxc1488",
        "value": "artem_zxc1488",
        "timestamp": 1695837464
      }
    ]
  },
  {
    "title": "",
    "media_list_data": [
      
    ],
    "string_list_data": [
      {
        "href": "https://www.instagram.com/nedkodanev",
        "value": "nedkodanev",
        "timestamp": 1693127814
      }
    ]
  },
  {
    "title": "",
    "media_list_data": [
      
    ],
    "string_list_data": [
      {
        "href": "https://www.instagram.com/darina._dr",
        "value": "darina._dr",
        "timestamp": 1692443483
      }
    ]
  },
  {
    "title": "",
    "media_list_data": [
      
    ],
    "string_list_data": [
      {
        "href": "https://www.instagram.com/adelina_antoaneta",
        "value": "adelina_antoaneta",
        "timestamp": 1691673500
      }
    ]
  },
  {
    "title": "",
    "media_list_data": [
      
    ],
    "string_list_data": [
      {
        "href": "https://www.instagram.com/dirtysouthurbanapparel",
        "value": "dirtysouthurbanapparel",
        "timestamp": 1691471415
      }
    ]
  },
  {
    "title": "",
    "media_list_data": [
      
    ],
    "string_list_data": [
      {
        "href": "https://www.instagram.com/k._kalinov",
        "value": "k._kalinov",
        "timestamp": 1691430634
      }
    ]
  },
  {
    "title": "",
    "media_list_data": [
      
    ],
    "string_list_data": [
      {
        "href": "https://www.instagram.com/djofra_burgas",
        "value": "djofra_burgas",
        "timestamp": 1691178268
      }
    ]
  },
  {
    "title": "",
    "media_list_data": [
      
    ],
    "string_list_data": [
      {
        "href": "https://www.instagram.com/bboy_nick.rock",
        "value": "bboy_nick.rock",
        "timestamp": 1691058137
      }
    ]
  },
  {
    "title": "",
    "media_list_data": [
      
    ],
    "string_list_data": [
      {
        "href": "https://www.instagram.com/yo_mladenova",
        "value": "yo_mladenova",
        "timestamp": 1688468286
      }
    ]
  },
  {
    "title": "",
    "media_list_data": [
      
    ],
    "string_list_data": [
      {
        "href": "https://www.instagram.com/morris____hyatt",
        "value": "morris____hyatt",
        "timestamp": 1684277549
      }
    ]
  },
  {
    "title": "",
    "media_list_data": [
      
    ],
    "string_list_data": [
      {
        "href": "https://www.instagram.com/lachezara_.georgieva._",
        "value": "lachezara_.georgieva._",
        "timestamp": 1682955580
      }
    ]
  },
  {
    "title": "",
    "media_list_data": [
      
    ],
    "string_list_data": [
      {
        "href": "https://www.instagram.com/bgirl_firebird",
        "value": "bgirl_firebird",
        "timestamp": 1682943227
      }
    ]
  },
  {
    "title": "",
    "media_list_data": [
      
    ],
    "string_list_data": [
      {
        "href": "https://www.instagram.com/_aneliyaa.s",
        "value": "_aneliyaa.s",
        "timestamp": 1682937977
      }
    ]
  },
  {
    "title": "",
    "media_list_data": [
      
    ],
    "string_list_data": [
      {
        "href": "https://www.instagram.com/_melanchollia",
        "value": "_melanchollia",
        "timestamp": 1682935338
      }
    ]
  },
  {
    "title": "",
    "media_list_data": [
      
    ],
    "string_list_data": [
      {
        "href": "https://www.instagram.com/sus_tobi",
        "value": "sus_tobi",
        "timestamp": 1682395191
      }
    ]
  },
  {
    "title": "",
    "media_list_data": [
      
    ],
    "string_list_data": [
      {
        "href": "https://www.instagram.com/allekssaandra.__",
        "value": "allekssaandra.__",
        "timestamp": 1682395191
      }
    ]
  },
  {
    "title": "",
    "media_list_data": [
      
    ],
    "string_list_data": [
      {
        "href": "https://www.instagram.com/memelordjr___",
        "value": "memelordjr___",
        "timestamp": 1682395191
      }
    ]
  },
  {
    "title": "",
    "media_list_data": [
      
    ],
    "string_list_data": [
      {
        "href": "https://www.instagram.com/_.petqq._",
        "value": "_.petqq._",
        "timestamp": 1682395191
      }
    ]
  },
  {
    "title": "",
    "media_list_data": [
      
    ],
    "string_list_data": [
      {
        "href": "https://www.instagram.com/otherlinetheatre",
        "value": "otherlinetheatre",
        "timestamp": 1682395191
      }
    ]
  },
  {
    "title": "",
    "media_list_data": [
      
    ],
    "string_list_data": [
      {
        "href": "https://www.instagram.com/yvv44nn",
        "value": "yvv44nn",
        "timestamp": 1682395191
      }
    ]
  },
  {
    "title": "",
    "media_list_data": [
      
    ],
    "string_list_data": [
      {
        "href": "https://www.instagram.com/bboy_zoolander",
        "value": "bboy_zoolander",
        "timestamp": 1682103900
      }
    ]
  },
  {
    "title": "",
    "media_list_data": [
      
    ],
    "string_list_data": [
      {
        "href": "https://www.instagram.com/diana_._k",
        "value": "diana_._k",
        "timestamp": 1681818228
      }
    ]
  },
  {
    "title": "",
    "media_list_data": [
      
    ],
    "string_list_data": [
      {
        "href": "https://www.instagram.com/nnedkovv",
        "value": "nnedkovv",
        "timestamp": 1681326265
      }
    ]
  },
  {
    "title": "",
    "media_list_data": [
      
    ],
    "string_list_data": [
      {
        "href": "https://www.instagram.com/bozhidardmtrv",
        "value": "bozhidardmtrv",
        "timestamp": 1681047894
      }
    ]
  },
  {
    "title": "",
    "media_list_data": [
      
    ],
    "string_list_data": [
      {
        "href": "https://www.instagram.com/bboy_centurion",
        "value": "bboy_centurion",
        "timestamp": 1680979108
      }
    ]
  },
  {
    "title": "",
    "media_list_data": [
      
    ],
    "string_list_data": [
      {
        "href": "https://www.instagram.com/_p.petkov_",
        "value": "_p.petkov_",
        "timestamp": 1680456005
      }
    ]
  },
  {
    "title": "",
    "media_list_data": [
      
    ],
    "string_list_data": [
      {
        "href": "https://www.instagram.com/iam.mbd",
        "value": "iam.mbd",
        "timestamp": 1679549423
      }
    ]
  },
  {
    "title": "",
    "media_list_data": [
      
    ],
    "string_list_data": [
      {
        "href": "https://www.instagram.com/__krisssa._",
        "value": "__krisssa._",
        "timestamp": 1668519170
      }
    ]
  },
  {
    "title": "",
    "media_list_data": [
      
    ],
    "string_list_data": [
      {
        "href": "https://www.instagram.com/__.vvanesa.__",
        "value": "__.vvanesa.__",
        "timestamp": 1667892373
      }
    ]
  },
  {
    "title": "",
    "media_list_data": [
      
    ],
    "string_list_data": [
      {
        "href": "https://www.instagram.com/vb_xx1412",
        "value": "vb_xx1412",
        "timestamp": 1665117606
      }
    ]
  },
  {
    "title": "",
    "media_list_data": [
      
    ],
    "string_list_data": [
      {
        "href": "https://www.instagram.com/iliyanbachkov",
        "value": "iliyanbachkov",
        "timestamp": 1664980320
      }
    ]
  },
  {
    "title": "",
    "media_list_data": [
      
    ],
    "string_list_data": [
      {
        "href": "https://www.instagram.com/wiol1na",
        "value": "wiol1na",
        "timestamp": 1664781441
      }
    ]
  },
  {
    "title": "",
    "media_list_data": [
      
    ],
    "string_list_data": [
      {
        "href": "https://www.instagram.com/simeonov_bobi",
        "value": "simeonov_bobi",
        "timestamp": 1664736499
      }
    ]
  },
  {
    "title": "",
    "media_list_data": [
      
    ],
    "string_list_data": [
      {
        "href": "https://www.instagram.com/greta.edreva",
        "value": "greta.edreva",
        "timestamp": 1664695062
      }
    ]
  },
  {
    "title": "",
    "media_list_data": [
      
    ],
    "string_list_data": [
      {
        "href": "https://www.instagram.com/val.1.m",
        "value": "val.1.m",
        "timestamp": 1664690348
      }
    ]
  },
  {
    "title": "",
    "media_list_data": [
      
    ],
    "string_list_data": [
      {
        "href": "https://www.instagram.com/dobur_den_",
        "value": "dobur_den_",
        "timestamp": 1664690344
      }
    ]
  },
  {
    "title": "",
    "media_list_data": [
      
    ],
    "string_list_data": [
      {
        "href": "https://www.instagram.com/rayaasenikova_",
        "value": "rayaasenikova_",
        "timestamp": 1664690342
      }
    ]
  },
  {
    "title": "",
    "media_list_data": [
      
    ],
    "string_list_data": [
      {
        "href": "https://www.instagram.com/elizabett__gg",
        "value": "elizabett__gg",
        "timestamp": 1664661303
      }
    ]
  },
  {
    "title": "",
    "media_list_data": [
      
    ],
    "string_list_data": [
      {
        "href": "https://www.instagram.com/nikolovanikki",
        "value": "nikolovanikki",
        "timestamp": 1664661281
      }
    ]
  },
  {
    "title": "",
    "media_list_data": [
      
    ],
    "string_list_data": [
      {
        "href": "https://www.instagram.com/petar_nikolov__",
        "value": "petar_nikolov__",
        "timestamp": 1664189809
      }
    ]
  },
  {
    "title": "",
    "media_list_data": [
      
    ],
    "string_list_data": [
      {
        "href": "https://www.instagram.com/mdmx00_",
        "value": "mdmx00_",
        "timestamp": 1664189802
      }
    ]
  },
  {
    "title": "",
    "media_list_data": [
      
    ],
    "string_list_data": [
      {
        "href": "https://www.instagram.com/feodorvasilev",
        "value": "feodorvasilev",
        "timestamp": 1663179204
      }
    ]
  },
  {
    "title": "",
    "media_list_data": [
      
    ],
    "string_list_data": [
      {
        "href": "https://www.instagram.com/_.velizara._",
        "value": "_.velizara._",
        "timestamp": 1662737595
      }
    ]
  },
  {
    "title": "",
    "media_list_data": [
      
    ],
    "string_list_data": [
      {
        "href": "https://www.instagram.com/_k_dimitrov",
        "value": "_k_dimitrov",
        "timestamp": 1662226803
      }
    ]
  },
  {
    "title": "",
    "media_list_data": [
      
    ],
    "string_list_data": [
      {
        "href": "https://www.instagram.com/martinnn_k_",
        "value": "martinnn_k_",
        "timestamp": 1661551150
      }
    ]
  },
  {
    "title": "",
    "media_list_data": [
      
    ],
    "string_list_data": [
      {
        "href": "https://www.instagram.com/vilda.karlsson._",
        "value": "vilda.karlsson._",
        "timestamp": 1661209072
      }
    ]
  },
  {
    "title": "",
    "media_list_data": [
      
    ],
    "string_list_data": [
      {
        "href": "https://www.instagram.com/stiliqn_d_",
        "value": "stiliqn_d_",
        "timestamp": 1661209015
      }
    ]
  },
  {
    "title": "",
    "media_list_data": [
      
    ],
    "string_list_data": [
      {
        "href": "https://www.instagram.com/pphilip300",
        "value": "pphilip300",
        "timestamp": 1660238196
      }
    ]
  },
  {
    "title": "",
    "media_list_data": [
      
    ],
    "string_list_data": [
      {
        "href": "https://www.instagram.com/an1ge1_7",
        "value": "an1ge1_7",
        "timestamp": 1659907058
      }
    ]
  },
  {
    "title": "",
    "media_list_data": [
      
    ],
    "string_list_data": [
      {
        "href": "https://www.instagram.com/yilchvmx",
        "value": "yilchvmx",
        "timestamp": 1659027860
      }
    ]
  },
  {
    "title": "",
    "media_list_data": [
      
    ],
    "string_list_data": [
      {
        "href": "https://www.instagram.com/stefan_tanka",
        "value": "stefan_tanka",
        "timestamp": 1658397760
      }
    ]
  },
  {
    "title": "",
    "media_list_data": [
      
    ],
    "string_list_data": [
      {
        "href": "https://www.instagram.com/iyanev66",
        "value": "iyanev66",
        "timestamp": 1657825973
      }
    ]
  },
  {
    "title": "",
    "media_list_data": [
      
    ],
    "string_list_data": [
      {
        "href": "https://www.instagram.com/irma.petkova",
        "value": "irma.petkova",
        "timestamp": 1655758655
      }
    ]
  },
  {
    "title": "",
    "media_list_data": [
      
    ],
    "string_list_data": [
      {
        "href": "https://www.instagram.com/y_stoyanovv",
        "value": "y_stoyanovv",
        "timestamp": 1654218202
      }
    ]
  },
  {
    "title": "",
    "media_list_data": [
      
    ],
    "string_list_data": [
      {
        "href": "https://www.instagram.com/k.qneva",
        "value": "k.qneva",
        "timestamp": 1654172906
      }
    ]
  },
  {
    "title": "",
    "media_list_data": [
      
    ],
    "string_list_data": [
      {
        "href": "https://www.instagram.com/idoriots",
        "value": "idoriots",
        "timestamp": 1653970289
      }
    ]
  },
  {
    "title": "",
    "media_list_data": [
      
    ],
    "string_list_data": [
      {
        "href": "https://www.instagram.com/yoan_eml",
        "value": "yoan_eml",
        "timestamp": 1653027443
      }
    ]
  },
  {
    "title": "",
    "media_list_data": [
      
    ],
    "string_list_data": [
      {
        "href": "https://www.instagram.com/y.doncheva",
        "value": "y.doncheva",
        "timestamp": 1652799738
      }
    ]
  },
  {
    "title": "",
    "media_list_data": [
      
    ],
    "string_list_data": [
      {
        "href": "https://www.instagram.com/s4nzu8",
        "value": "s4nzu8",
        "timestamp": 1652206397
      }
    ]
  },
  {
    "title": "",
    "media_list_data": [
      
    ],
    "string_list_data": [
      {
        "href": "https://www.instagram.com/djulaeguz2",
        "value": "djulaeguz2",
        "timestamp": 1652192365
      }
    ]
  },
  {
    "title": "",
    "media_list_data": [
      
    ],
    "string_list_data": [
      {
        "href": "https://www.instagram.com/forkunpower",
        "value": "forkunpower",
        "timestamp": 1650640045
      }
    ]
  },
  {
    "title": "",
    "media_list_data": [
      
    ],
    "string_list_data": [
      {
        "href": "https://www.instagram.com/rdbarberbs",
        "value": "rdbarberbs",
        "timestamp": 1648734916
      }
    ]
  },
  {
    "title": "",
    "media_list_data": [
      
    ],
    "string_list_data": [
      {
        "href": "https://www.instagram.com/this__niki",
        "value": "this__niki",
        "timestamp": 1648725339
      }
    ]
  },
  {
    "title": "",
    "media_list_data": [
      
    ],
    "string_list_data": [
      {
        "href": "https://www.instagram.com/anastasiyavllkova",
        "value": "anastasiyavllkova",
        "timestamp": 1648392178
      }
    ]
  },
  {
    "title": "",
    "media_list_data": [
      
    ],
    "string_list_data": [
      {
        "href": "https://www.instagram.com/pgkpi.calls",
        "value": "pgkpi.calls",
        "timestamp": 1647268242
      }
    ]
  },
  {
    "title": "",
    "media_list_data": [
      
    ],
    "string_list_data": [
      {
        "href": "https://www.instagram.com/sta3v",
        "value": "sta3v",
        "timestamp": 1646884067
      }
    ]
  },
  {
    "title": "",
    "media_list_data": [
      
    ],
    "string_list_data": [
      {
        "href": "https://www.instagram.com/nvskx_",
        "value": "nvskx_",
        "timestamp": 1646713675
      }
    ]
  },
  {
    "title": "",
    "media_list_data": [
      
    ],
    "string_list_data": [
      {
        "href": "https://www.instagram.com/codingburgas.love",
        "value": "codingburgas.love",
        "timestamp": 1644231260
      }
    ]
  },
  {
    "title": "",
    "media_list_data": [
      
    ],
    "string_list_data": [
      {
        "href": "https://www.instagram.com/ivomanchev_05",
        "value": "ivomanchev_05",
        "timestamp": 1644191634
      }
    ]
  },
  {
    "title": "",
    "media_list_data": [
      
    ],
    "string_list_data": [
      {
        "href": "https://www.instagram.com/dimov_808",
        "value": "dimov_808",
        "timestamp": 1644179132
      }
    ]
  },
  {
    "title": "",
    "media_list_data": [
      
    ],
    "string_list_data": [
      {
        "href": "https://www.instagram.com/daliamaherova",
        "value": "daliamaherova",
        "timestamp": 1643759614
      }
    ]
  },
  {
    "title": "",
    "media_list_data": [
      
    ],
    "string_list_data": [
      {
        "href": "https://www.instagram.com/sunny_shavov03",
        "value": "sunny_shavov03",
        "timestamp": 1643664412
      }
    ]
  },
  {
    "title": "",
    "media_list_data": [
      
    ],
    "string_list_data": [
      {
        "href": "https://www.instagram.com/art.land.puppets",
        "value": "art.land.puppets",
        "timestamp": 1643216657
      }
    ]
  },
  {
    "title": "",
    "media_list_data": [
      
    ],
    "string_list_data": [
      {
        "href": "https://www.instagram.com/zhivkonanev",
        "value": "zhivkonanev",
        "timestamp": 1642178522
      }
    ]
  },
  {
    "title": "",
    "media_list_data": [
      
    ],
    "string_list_data": [
      {
        "href": "https://www.instagram.com/poli.petrova.pp",
        "value": "poli.petrova.pp",
        "timestamp": 1642176799
      }
    ]
  },
  {
    "title": "",
    "media_list_data": [
      
    ],
    "string_list_data": [
      {
        "href": "https://www.instagram.com/__.iliyan.__",
        "value": "__.iliyan.__",
        "timestamp": 1641238513
      }
    ]
  },
  {
    "title": "",
    "media_list_data": [
      
    ],
    "string_list_data": [
      {
        "href": "https://www.instagram.com/plxmpi",
        "value": "plxmpi",
        "timestamp": 1637664117
      }
    ]
  },
  {
    "title": "",
    "media_list_data": [
      
    ],
    "string_list_data": [
      {
        "href": "https://www.instagram.com/ivay1o",
        "value": "ivay1o",
        "timestamp": 1637253773
      }
    ]
  },
  {
    "title": "",
    "media_list_data": [
      
    ],
    "string_list_data": [
      {
        "href": "https://www.instagram.com/ovchtanadjuli",
        "value": "ovchtanadjuli",
        "timestamp": 1636566557
      }
    ]
  },
  {
    "title": "",
    "media_list_data": [
      
    ],
    "string_list_data": [
      {
        "href": "https://www.instagram.com/_go6o_",
        "value": "_go6o_",
        "timestamp": 1634232377
      }
    ]
  },
  {
    "title": "",
    "media_list_data": [
      
    ],
    "string_list_data": [
      {
        "href": "https://www.instagram.com/coding_meme_",
        "value": "coding_meme_",
        "timestamp": 1634222975
      }
    ]
  },
  {
    "title": "",
    "media_list_data": [
      
    ],
    "string_list_data": [
      {
        "href": "https://www.instagram.com/foreverbacklogged",
        "value": "foreverbacklogged",
        "timestamp": 1633985382
      }
    ]
  },
  {
    "title": "",
    "media_list_data": [
      
    ],
    "string_list_data": [
      {
        "href": "https://www.instagram.com/preslito2",
        "value": "preslito2",
        "timestamp": 1633798270
      }
    ]
  },
  {
    "title": "",
    "media_list_data": [
      
    ],
    "string_list_data": [
      {
        "href": "https://www.instagram.com/palmssays",
        "value": "palmssays",
        "timestamp": 1632944914
      }
    ]
  },
  {
    "title": "",
    "media_list_data": [
      
    ],
    "string_list_data": [
      {
        "href": "https://www.instagram.com/mk_memeplug2",
        "value": "mk_memeplug2",
        "timestamp": 1632897537
      }
    ]
  },
  {
    "title": "",
    "media_list_data": [
      
    ],
    "string_list_data": [
      {
        "href": "https://www.instagram.com/denisgotmemes",
        "value": "denisgotmemes",
        "timestamp": 1632760268
      }
    ]
  },
  {
    "title": "",
    "media_list_data": [
      
    ],
    "string_list_data": [
      {
        "href": "https://www.instagram.com/vasilevmaxim12",
        "value": "vasilevmaxim12",
        "timestamp": 1632551004
      }
    ]
  },
  {
    "title": "",
    "media_list_data": [
      
    ],
    "string_list_data": [
      {
        "href": "https://www.instagram.com/p0melo0",
        "value": "p0melo0",
        "timestamp": 1632337131
      }
    ]
  },
  {
    "title": "",
    "media_list_data": [
      
    ],
    "string_list_data": [
      {
        "href": "https://www.instagram.com/memez_bikinibottom",
        "value": "memez_bikinibottom",
        "timestamp": 1632296484
      }
    ]
  },
  {
    "title": "",
    "media_list_data": [
      
    ],
    "string_list_data": [
      {
        "href": "https://www.instagram.com/devgaags",
        "value": "devgaags",
        "timestamp": 1630565569
      }
    ]
  },
  {
    "title": "",
    "media_list_data": [
      
    ],
    "string_list_data": [
      {
        "href": "https://www.instagram.com/pexgraphic",
        "value": "pexgraphic",
        "timestamp": 1629325809
      }
    ]
  },
  {
    "title": "",
    "media_list_data": [
      
    ],
    "string_list_data": [
      {
        "href": "https://www.instagram.com/tiankata.iv",
        "value": "tiankata.iv",
        "timestamp": 1629221066
      }
    ]
  },
  {
    "title": "",
    "media_list_data": [
      
    ],
    "string_list_data": [
      {
        "href": "https://www.instagram.com/coding.comics",
        "value": "coding.comics",
        "timestamp": 1626300050
      }
    ]
  },
  {
    "title": "",
    "media_list_data": [
      
    ],
    "string_list_data": [
      {
        "href": "https://www.instagram.com/k_andr_",
        "value": "k_andr_",
        "timestamp": 1625763414
      }
    ]
  },
  {
    "title": "",
    "media_list_data": [
      
    ],
    "string_list_data": [
      {
        "href": "https://www.instagram.com/mayushka_0",
        "value": "mayushka_0",
        "timestamp": 1625380803
      }
    ]
  },
  {
    "title": "",
    "media_list_data": [
      
    ],
    "string_list_data": [
      {
        "href": "https://www.instagram.com/ivantsachevs",
        "value": "ivantsachevs",
        "timestamp": 1622930517
      }
    ]
  },
  {
    "title": "",
    "media_list_data": [
      
    ],
    "string_list_data": [
      {
        "href": "https://www.instagram.com/bogdan_kirov",
        "value": "bogdan_kirov",
        "timestamp": 1622924561
      }
    ]
  },
  {
    "title": "",
    "media_list_data": [
      
    ],
    "string_list_data": [
      {
        "href": "https://www.instagram.com/alexxtsachev",
        "value": "alexxtsachev",
        "timestamp": 1622785623
      }
    ]
  },
  {
    "title": "",
    "media_list_data": [
      
    ],
    "string_list_data": [
      {
        "href": "https://www.instagram.com/diomovv_",
        "value": "diomovv_",
        "timestamp": 1622659034
      }
    ]
  },
  {
    "title": "",
    "media_list_data": [
      
    ],
    "string_list_data": [
      {
        "href": "https://www.instagram.com/inkmh_",
        "value": "inkmh_",
        "timestamp": 1622648275
      }
    ]
  },
  {
    "title": "",
    "media_list_data": [
      
    ],
    "string_list_data": [
      {
        "href": "https://www.instagram.com/k0tta.a",
        "value": "k0tta.a",
        "timestamp": 1622306341
      }
    ]
  },
  {
    "title": "",
    "media_list_data": [
      
    ],
    "string_list_data": [
      {
        "href": "https://www.instagram.com/diom_frames",
        "value": "diom_frames",
        "timestamp": 1619541755
      }
    ]
  },
  {
    "title": "",
    "media_list_data": [
      
    ],
    "string_list_data": [
      {
        "href": "https://www.instagram.com/k.tangardzhieva",
        "value": "k.tangardzhieva",
        "timestamp": 1618679821
      }
    ]
  },
  {
    "title": "",
    "media_list_data": [
      
    ],
    "string_list_data": [
      {
        "href": "https://www.instagram.com/spontanenn",
        "value": "spontanenn",
        "timestamp": 1616571519
      }
    ]
  },
  {
    "title": "",
    "media_list_data": [
      
    ],
    "string_list_data": [
      {
        "href": "https://www.instagram.com/boshevv",
        "value": "boshevv",
        "timestamp": 1616355460
      }
    ]
  },
  {
    "title": "",
    "media_list_data": [
      
    ],
    "string_list_data": [
      {
        "href": "https://www.instagram.com/djulaeguz",
        "value": "djulaeguz",
        "timestamp": 1616320090
      }
    ]
  },
  {
    "title": "",
    "media_list_data": [
      
    ],
    "string_list_data": [
      {
        "href": "https://www.instagram.com/kostadinov_stilyan",
        "value": "kostadinov_stilyan",
        "timestamp": 1615754936
      }
    ]
  },
  {
    "title": "",
    "media_list_data": [
      
    ],
    "string_list_data": [
      {
        "href": "https://www.instagram.com/kfm_karol_fernandez_meat",
        "value": "kfm_karol_fernandez_meat",
        "timestamp": 1615053352
      }
    ]
  },
  {
    "title": "",
    "media_list_data": [
      
    ],
    "string_list_data": [
      {
        "href": "https://www.instagram.com/friendlynoodle1",
        "value": "friendlynoodle1",
        "timestamp": 1614785286
      }
    ]
  },
  {
    "title": "",
    "media_list_data": [
      
    ],
    "string_list_data": [
      {
        "href": "https://www.instagram.com/iliev_05",
        "value": "iliev_05",
        "timestamp": 1614230201
      }
    ]
  },
  {
    "title": "",
    "media_list_data": [
      
    ],
    "string_list_data": [
      {
        "href": "https://www.instagram.com/z_kostadinow",
        "value": "z_kostadinow",
        "timestamp": 1613851888
      }
    ]
  },
  {
    "title": "",
    "media_list_data": [
      
    ],
    "string_list_data": [
      {
        "href": "https://www.instagram.com/memesavale",
        "value": "memesavale",
        "timestamp": 1610636423
      }
    ]
  },
  {
    "title": "",
    "media_list_data": [
      
    ],
    "string_list_data": [
      {
        "href": "https://www.instagram.com/streetwearslick",
        "value": "streetwearslick",
        "timestamp": 1610437141
      }
    ]
  },
  {
    "title": "",
    "media_list_data": [
      
    ],
    "string_list_data": [
      {
        "href": "https://www.instagram.com/_coding_stuff_",
        "value": "_coding_stuff_",
        "timestamp": 1610133320
      }
    ]
  },
  {
    "title": "",
    "media_list_data": [
      
    ],
    "string_list_data": [
      {
        "href": "https://www.instagram.com/vmemes1k",
        "value": "vmemes1k",
        "timestamp": 1609976638
      }
    ]
  },
  {
    "title": "",
    "media_list_data": [
      
    ],
    "string_list_data": [
      {
        "href": "https://www.instagram.com/no_this__is_patrick27",
        "value": "no_this__is_patrick27",
        "timestamp": 1609974259
      }
    ]
  },
  {
    "title": "",
    "media_list_data": [
      
    ],
    "string_list_data": [
      {
        "href": "https://www.instagram.com/_vdekova_",
        "value": "_vdekova_",
        "timestamp": 1609746599
      }
    ]
  },
  {
    "title": "",
    "media_list_data": [
      
    ],
    "string_list_data": [
      {
        "href": "https://www.instagram.com/mmmm.mjae",
        "value": "mmmm.mjae",
        "timestamp": 1604929378
      }
    ]
  },
  {
    "title": "",
    "media_list_data": [
      
    ],
    "string_list_data": [
      {
        "href": "https://www.instagram.com/elly182102",
        "value": "elly182102",
        "timestamp": 1600098913
      }
    ]
  },
  {
    "title": "",
    "media_list_data": [
      
    ],
    "string_list_data": [
      {
        "href": "https://www.instagram.com/lil_tedooo",
        "value": "lil_tedooo",
        "timestamp": 1586787753
      }
    ]
  },
  {
    "title": "",
    "media_list_data": [
      
    ],
    "string_list_data": [
      {
        "href": "https://www.instagram.com/todornedelchev",
        "value": "todornedelchev",
        "timestamp": 1586557319
      }
    ]
  },
  {
    "title": "",
    "media_list_data": [
      
    ],
    "string_list_data": [
      {
        "href": "https://www.instagram.com/nini_chan72",
        "value": "nini_chan72",
        "timestamp": 1584387959
      }
    ]
  },
  {
    "title": "",
    "media_list_data": [
      
    ],
    "string_list_data": [
      {
        "href": "https://www.instagram.com/presiyannnn",
        "value": "presiyannnn",
        "timestamp": 1584042497
      }
    ]
  },
  {
    "title": "",
    "media_list_data": [
      
    ],
    "string_list_data": [
      {
        "href": "https://www.instagram.com/marr11ya",
        "value": "marr11ya",
        "timestamp": 1583698335
      }
    ]
  },
  {
    "title": "",
    "media_list_data": [
      
    ],
    "string_list_data": [
      {
        "href": "https://www.instagram.com/di_sole.petrova",
        "value": "di_sole.petrova",
        "timestamp": 1583401603
      }
    ]
  },
  {
    "title": "",
    "media_list_data": [
      
    ],
    "string_list_data": [
      {
        "href": "https://www.instagram.com/marioitalofucile",
        "value": "marioitalofucile",
        "timestamp": 1582751758
      }
    ]
  },
  {
    "title": "",
    "media_list_data": [
      
    ],
    "string_list_data": [
      {
        "href": "https://www.instagram.com/_savovv_",
        "value": "_savovv_",
        "timestamp": 1581348147
      }
    ]
  },
  {
    "title": "",
    "media_list_data": [
      
    ],
    "string_list_data": [
      {
        "href": "https://www.instagram.com/krassi_222",
        "value": "krassi_222",
        "timestamp": 1580709747
      }
    ]
  },
  {
    "title": "",
    "media_list_data": [
      
    ],
    "string_list_data": [
      {
        "href": "https://www.instagram.com/bodurkata1",
        "value": "bodurkata1",
        "timestamp": 1580024638
      }
    ]
  },
  {
    "title": "",
    "media_list_data": [
      
    ],
    "string_list_data": [
      {
        "href": "https://www.instagram.com/alexstnklv",
        "value": "alexstnklv",
        "timestamp": 1579890345
      }
    ]
  },
  {
    "title": "",
    "media_list_data": [
      
    ],
    "string_list_data": [
      {
        "href": "https://www.instagram.com/zahari_bonev",
        "value": "zahari_bonev",
        "timestamp": 1579793001
      }
    ]
  },
  {
    "title": "",
    "media_list_data": [
      
    ],
    "string_list_data": [
      {
        "href": "https://www.instagram.com/yoana_agafonov",
        "value": "yoana_agafonov",
        "timestamp": 1579788154
      }
    ]
  },
  {
    "title": "",
    "media_list_data": [
      
    ],
    "string_list_data": [
      {
        "href": "https://www.instagram.com/radoslav05",
        "value": "radoslav05",
        "timestamp": 1579758468
      }
    ]
  },
  {
    "title": "",
    "media_list_data": [
      
    ],
    "string_list_data": [
      {
        "href": "https://www.instagram.com/r.ppzv__365",
        "value": "r.ppzv__365",
        "timestamp": 1579756556
      }
    ]
  },
  {
    "title": "",
    "media_list_data": [
      
    ],
    "string_list_data": [
      {
        "href": "https://www.instagram.com/boxart.eu",
        "value": "boxart.eu",
        "timestamp": 1579701757
      }
    ]
  },
  {
    "title": "",
    "media_list_data": [
      
    ],
    "string_list_data": [
      {
        "href": "https://www.instagram.com/veleka_k",
        "value": "veleka_k",
        "timestamp": 1579636272
      }
    ]
  },
  {
    "title": "",
    "media_list_data": [
      
    ],
    "string_list_data": [
      {
        "href": "https://www.instagram.com/agatsu.bs",
        "value": "agatsu.bs",
        "timestamp": 1579591161
      }
    ]
  },
  {
    "title": "",
    "media_list_data": [
      
    ],
    "string_list_data": [
      {
        "href": "https://www.instagram.com/roselinovamaya",
        "value": "roselinovamaya",
        "timestamp": 1579256569
      }
    ]
  },
  {
    "title": "",
    "media_list_data": [
      
    ],
    "string_list_data": [
      {
        "href": "https://www.instagram.com/banovamaria",
        "value": "banovamaria",
        "timestamp": 1579125686
      }
    ]
  },
  {
    "title": "",
    "media_list_data": [
      
    ],
    "string_list_data": [
      {
        "href": "https://www.instagram.com/petevhristo_",
        "value": "petevhristo_",
        "timestamp": 1579105236
      }
    ]
  },
  {
    "title": "",
    "media_list_data": [
      
    ],
    "string_list_data": [
      {
        "href": "https://www.instagram.com/admiral.general.kalin",
        "value": "admiral.general.kalin",
        "timestamp": 1579032801
      }
    ]
  },
  {
    "title": "",
    "media_list_data": [
      
    ],
    "string_list_data": [
      {
        "href": "https://www.instagram.com/roselinovanedelina",
        "value": "roselinovanedelina",
        "timestamp": 1579011414
      }
    ]
  },
  {
    "title": "",
    "media_list_data": [
      
    ],
    "string_list_data": [
      {
        "href": "https://www.instagram.com/krada_stirki",
        "value": "krada_stirki",
        "timestamp": 1579007737
      }
    ]
  }
]