{
  "relationships_follow_requests_sent": [
    {
      "title": "",
      "media_list_data": [
        
      ],
      "string_list_data": [
        {
          "href": "https://www.instagram.com/ruka_rupa",
          "value": "ruka_rupa",
          "timestamp": 1765910039
        }
      ]
    },
    {
      "title": "",
      "media_list_data": [
        
      ],
      "string_list_data": [
        {
          "href": "https://www.instagram.com/ishwisjw7",
          "value": "ishwisjw7",
          "timestamp": 1699345097
        }
      ]
    },
    {
      "title": "",
      "media_list_data": [
        
      ],
      "string_list_data": [
        {
          "href": "https://www.instagram.com/hshsjsjsjsjsjjwjw",
          "value": "hshsjsjsjsjsjjwjw",
          "timestamp": 1638105843
        }
      ]
    },
    {
      "title": "",
      "media_list_data": [
        
      ],
      "string_list_data": [
        {
          "href": "https://www.instagram.com/marymakingit",
          "value": "marymakingit",
          "timestamp": 1619092116
        }
      ]
    },
    {
      "title": "",
      "media_list_data": [
        
      ],
      "string_list_data": [
        {
          "href": "https://www.instagram.com/xqeurt",
          "value": "xqeurt",
          "timestamp": 1615288591
        }
      ]
    },
    {
      "title": "",
      "media_list_data": [
        
      ],
      "string_list_data": [
        {
          "href": "https://www.instagram.com/balucite_ot_dsk",
          "value": "balucite_ot_dsk",
          "timestamp": 1601919368
        }
      ]
    }
  ]
}