{
  "relationships_permanent_follow_requests": [
    {
      "title": "",
      "media_list_data": [
        
      ],
      "string_list_data": [
        {
          "href": "https://www.instagram.com/___leonoraa_dnd",
          "value": "___leonoraa_dnd",
          "timestamp": 1770210167
        }
      ]
    },
    {
      "title": "",
      "media_list_data": [
        
      ],
      "string_list_data": [
        {
          "href": "https://www.instagram.com/__k.bancheva__",
          "value": "__k.bancheva__",
          "timestamp": 1769510191
        }
      ]
    },
    {
      "title": "",
      "media_list_data": [
        
      ],
      "string_list_data": [
        {
          "href": "https://www.instagram.com/st0yan.k",
          "value": "st0yan.k",
          "timestamp": 1768744172
        }
      ]
    },
    {
      "title": "",
      "media_list_data": [
        
      ],
      "string_list_data": [
        {
          "href": "https://www.instagram.com/meri_belcheva",
          "value": "meri_belcheva",
          "timestamp": 1768744172
        }
      ]
    },
    {
      "title": "",
      "media_list_data": [
        
      ],
      "string_list_data": [
        {
          "href": "https://www.instagram.com/melinmyumyun",
          "value": "melinmyumyun",
          "timestamp": 1768744172
        }
      ]
    },
    {
      "title": "",
      "media_list_data": [
        
      ],
      "string_list_data": [
        {
          "href": "https://www.instagram.com/_____todorovaaa_____",
          "value": "_____todorovaaa_____",
          "timestamp": 1768744172
        }
      ]
    },
    {
      "title": "",
      "media_list_data": [
        
      ],
      "string_list_data": [
        {
          "href": "https://www.instagram.com/_salihe_b",
          "value": "_salihe_b",
          "timestamp": 1768744172
        }
      ]
    },
    {
      "title": "",
      "media_list_data": [
        
      ],
      "string_list_data": [
        {
          "href": "https://www.instagram.com/teodor_golisharski",
          "value": "teodor_golisharski",
          "timestamp": 1768744172
        }
      ]
    },
    {
      "title": "",
      "media_list_data": [
        
      ],
      "string_list_data": [
        {
          "href": "https://www.instagram.com/velina05",
          "value": "velina05",
          "timestamp": 1768744171
        }
      ]
    },
    {
      "title": "",
      "media_list_data": [
        
      ],
      "string_list_data": [
        {
          "href": "https://www.instagram.com/kostailev",
          "value": "kostailev",
          "timestamp": 1768744171
        }
      ]
    },
    {
      "title": "",
      "media_list_data": [
        
      ],
      "string_list_data": [
        {
          "href": "https://www.instagram.com/stefan_kraev0",
          "value": "stefan_kraev0",
          "timestamp": 1768744171
        }
      ]
    },
    {
      "title": "",
      "media_list_data": [
        
      ],
      "string_list_data": [
        {
          "href": "https://www.instagram.com/b0gito",
          "value": "b0gito",
          "timestamp": 1768744171
        }
      ]
    },
    {
      "title": "",
      "media_list_data": [
        
      ],
      "string_list_data": [
        {
          "href": "https://www.instagram.com/kaloyan_7878",
          "value": "kaloyan_7878",
          "timestamp": 1768744171
        }
      ]
    },
    {
      "title": "",
      "media_list_data": [
        
      ],
      "string_list_data": [
        {
          "href": "https://www.instagram.com/konst.nikolov",
          "value": "konst.nikolov",
          "timestamp": 1768744171
        }
      ]
    },
    {
      "title": "",
      "media_list_data": [
        
      ],
      "string_list_data": [
        {
          "href": "https://www.instagram.com/te55_was_taken",
          "value": "te55_was_taken",
          "timestamp": 1768744171
        }
      ]
    },
    {
      "title": "",
      "media_list_data": [
        
      ],
      "string_list_data": [
        {
          "href": "https://www.instagram.com/huzunov_34",
          "value": "huzunov_34",
          "timestamp": 1768744171
        }
      ]
    },
    {
      "title": "",
      "media_list_data": [
        
      ],
      "string_list_data": [
        {
          "href": "https://www.instagram.com/victoria.raleva",
          "value": "victoria.raleva",
          "timestamp": 1768744171
        }
      ]
    },
    {
      "title": "",
      "media_list_data": [
        
      ],
      "string_list_data": [
        {
          "href": "https://www.instagram.com/realzazo",
          "value": "realzazo",
          "timestamp": 1768744171
        }
      ]
    },
    {
      "title": "",
      "media_list_data": [
        
      ],
      "string_list_data": [
        {
          "href": "https://www.instagram.com/k_alyakov",
          "value": "k_alyakov",
          "timestamp": 1768744171
        }
      ]
    },
    {
      "title": "",
      "media_list_data": [
        
      ],
      "string_list_data": [
        {
          "href": "https://www.instagram.com/_iliyan40_",
          "value": "_iliyan40_",
          "timestamp": 1768744171
        }
      ]
    },
    {
      "title": "",
      "media_list_data": [
        
      ],
      "string_list_data": [
        {
          "href": "https://www.instagram.com/_zeyneb.husein",
          "value": "_zeyneb.husein",
          "timestamp": 1768744171
        }
      ]
    },
    {
      "title": "",
      "media_list_data": [
        
      ],
      "string_list_data": [
        {
          "href": "https://www.instagram.com/kristin_toshkov",
          "value": "kristin_toshkov",
          "timestamp": 1768744171
        }
      ]
    },
    {
      "title": "",
      "media_list_data": [
        
      ],
      "string_list_data": [
        {
          "href": "https://www.instagram.com/aleksandarivanov05",
          "value": "aleksandarivanov05",
          "timestamp": 1768744171
        }
      ]
    },
    {
      "title": "",
      "media_list_data": [
        
      ],
      "string_list_data": [
        {
          "href": "https://www.instagram.com/kln1.smnv7",
          "value": "kln1.smnv7",
          "timestamp": 1768744171
        }
      ]
    },
    {
      "title": "",
      "media_list_data": [
        
      ],
      "string_list_data": [
        {
          "href": "https://www.instagram.com/yanaknowsss",
          "value": "yanaknowsss",
          "timestamp": 1768744171
        }
      ]
    },
    {
      "title": "",
      "media_list_data": [
        
      ],
      "string_list_data": [
        {
          "href": "https://www.instagram.com/stil_1st",
          "value": "stil_1st",
          "timestamp": 1768744171
        }
      ]
    },
    {
      "title": "",
      "media_list_data": [
        
      ],
      "string_list_data": [
        {
          "href": "https://www.instagram.com/georgi_h_lazov",
          "value": "georgi_h_lazov",
          "timestamp": 1768744171
        }
      ]
    },
    {
      "title": "",
      "media_list_data": [
        
      ],
      "string_list_data": [
        {
          "href": "https://www.instagram.com/kirilova_nora",
          "value": "kirilova_nora",
          "timestamp": 1768744171
        }
      ]
    },
    {
      "title": "",
      "media_list_data": [
        
      ],
      "string_list_data": [
        {
          "href": "https://www.instagram.com/a.hristov_05",
          "value": "a.hristov_05",
          "timestamp": 1768744171
        }
      ]
    },
    {
      "title": "",
      "media_list_data": [
        
      ],
      "string_list_data": [
        {
          "href": "https://www.instagram.com/iagrozd",
          "value": "iagrozd",
          "timestamp": 1768744171
        }
      ]
    },
    {
      "title": "",
      "media_list_data": [
        
      ],
      "string_list_data": [
        {
          "href": "https://www.instagram.com/i.ivanov05",
          "value": "i.ivanov05",
          "timestamp": 1768744171
        }
      ]
    },
    {
      "title": "",
      "media_list_data": [
        
      ],
      "string_list_data": [
        {
          "href": "https://www.instagram.com/irinaa.v_",
          "value": "irinaa.v_",
          "timestamp": 1768744171
        }
      ]
    },
    {
      "title": "",
      "media_list_data": [
        
      ],
      "string_list_data": [
        {
          "href": "https://www.instagram.com/neykovan_",
          "value": "neykovan_",
          "timestamp": 1768744171
        }
      ]
    },
    {
      "title": "",
      "media_list_data": [
        
      ],
      "string_list_data": [
        {
          "href": "https://www.instagram.com/y.tileva",
          "value": "y.tileva",
          "timestamp": 1768744171
        }
      ]
    },
    {
      "title": "",
      "media_list_data": [
        
      ],
      "string_list_data": [
        {
          "href": "https://www.instagram.com/m.dicheva_",
          "value": "m.dicheva_",
          "timestamp": 1768744171
        }
      ]
    },
    {
      "title": "",
      "media_list_data": [
        
      ],
      "string_list_data": [
        {
          "href": "https://www.instagram.com/militsa_lazarovaa",
          "value": "militsa_lazarovaa",
          "timestamp": 1768744171
        }
      ]
    },
    {
      "title": "",
      "media_list_data": [
        
      ],
      "string_list_data": [
        {
          "href": "https://www.instagram.com/ece.jb",
          "value": "ece.jb",
          "timestamp": 1768744171
        }
      ]
    },
    {
      "title": "",
      "media_list_data": [
        
      ],
      "string_list_data": [
        {
          "href": "https://www.instagram.com/balevmiroslav",
          "value": "balevmiroslav",
          "timestamp": 1768744171
        }
      ]
    },
    {
      "title": "",
      "media_list_data": [
        
      ],
      "string_list_data": [
        {
          "href": "https://www.instagram.com/walerkata",
          "value": "walerkata",
          "timestamp": 1768744171
        }
      ]
    },
    {
      "title": "",
      "media_list_data": [
        
      ],
      "string_list_data": [
        {
          "href": "https://www.instagram.com/marintodorovv",
          "value": "marintodorovv",
          "timestamp": 1768744171
        }
      ]
    },
    {
      "title": "",
      "media_list_data": [
        
      ],
      "string_list_data": [
        {
          "href": "https://www.instagram.com/neichogurkov",
          "value": "neichogurkov",
          "timestamp": 1768744171
        }
      ]
    },
    {
      "title": "",
      "media_list_data": [
        
      ],
      "string_list_data": [
        {
          "href": "https://www.instagram.com/mtonchev5",
          "value": "mtonchev5",
          "timestamp": 1768744171
        }
      ]
    },
    {
      "title": "",
      "media_list_data": [
        
      ],
      "string_list_data": [
        {
          "href": "https://www.instagram.com/dimitar_grigorovv",
          "value": "dimitar_grigorovv",
          "timestamp": 1768744171
        }
      ]
    },
    {
      "title": "",
      "media_list_data": [
        
      ],
      "string_list_data": [
        {
          "href": "https://www.instagram.com/duygu_rmdn",
          "value": "duygu_rmdn",
          "timestamp": 1768744171
        }
      ]
    },
    {
      "title": "",
      "media_list_data": [
        
      ],
      "string_list_data": [
        {
          "href": "https://www.instagram.com/emil_neshkov",
          "value": "emil_neshkov",
          "timestamp": 1768744171
        }
      ]
    },
    {
      "title": "",
      "media_list_data": [
        
      ],
      "string_list_data": [
        {
          "href": "https://www.instagram.com/m.uzunov1707",
          "value": "m.uzunov1707",
          "timestamp": 1768744171
        }
      ]
    },
    {
      "title": "",
      "media_list_data": [
        
      ],
      "string_list_data": [
        {
          "href": "https://www.instagram.com/m_dimitrov05",
          "value": "m_dimitrov05",
          "timestamp": 1768744171
        }
      ]
    },
    {
      "title": "",
      "media_list_data": [
        
      ],
      "string_list_data": [
        {
          "href": "https://www.instagram.com/kristinna_gr_",
          "value": "kristinna_gr_",
          "timestamp": 1768744171
        }
      ]
    },
    {
      "title": "",
      "media_list_data": [
        
      ],
      "string_list_data": [
        {
          "href": "https://www.instagram.com/r_chaveeva2",
          "value": "r_chaveeva2",
          "timestamp": 1768744171
        }
      ]
    },
    {
      "title": "",
      "media_list_data": [
        
      ],
      "string_list_data": [
        {
          "href": "https://www.instagram.com/trandzhievv",
          "value": "trandzhievv",
          "timestamp": 1768744171
        }
      ]
    },
    {
      "title": "",
      "media_list_data": [
        
      ],
      "string_list_data": [
        {
          "href": "https://www.instagram.com/kordi.p_",
          "value": "kordi.p_",
          "timestamp": 1768744171
        }
      ]
    },
    {
      "title": "",
      "media_list_data": [
        
      ],
      "string_list_data": [
        {
          "href": "https://www.instagram.com/nikpetrov1406",
          "value": "nikpetrov1406",
          "timestamp": 1768744171
        }
      ]
    },
    {
      "title": "",
      "media_list_data": [
        
      ],
      "string_list_data": [
        {
          "href": "https://www.instagram.com/a.vdimitrov",
          "value": "a.vdimitrov",
          "timestamp": 1768744171
        }
      ]
    },
    {
      "title": "",
      "media_list_data": [
        
      ],
      "string_list_data": [
        {
          "href": "https://www.instagram.com/nikolina_madzharova",
          "value": "nikolina_madzharova",
          "timestamp": 1768744171
        }
      ]
    },
    {
      "title": "",
      "media_list_data": [
        
      ],
      "string_list_data": [
        {
          "href": "https://www.instagram.com/l_krastev__",
          "value": "l_krastev__",
          "timestamp": 1768744171
        }
      ]
    },
    {
      "title": "",
      "media_list_data": [
        
      ],
      "string_list_data": [
        {
          "href": "https://www.instagram.com/hadzhiev_",
          "value": "hadzhiev_",
          "timestamp": 1768744171
        }
      ]
    },
    {
      "title": "",
      "media_list_data": [
        
      ],
      "string_list_data": [
        {
          "href": "https://www.instagram.com/h_frangova",
          "value": "h_frangova",
          "timestamp": 1768744171
        }
      ]
    },
    {
      "title": "",
      "media_list_data": [
        
      ],
      "string_list_data": [
        {
          "href": "https://www.instagram.com/nadyaherondale",
          "value": "nadyaherondale",
          "timestamp": 1768744171
        }
      ]
    },
    {
      "title": "",
      "media_list_data": [
        
      ],
      "string_list_data": [
        {
          "href": "https://www.instagram.com/iordankailieva",
          "value": "iordankailieva",
          "timestamp": 1768744171
        }
      ]
    },
    {
      "title": "",
      "media_list_data": [
        
      ],
      "string_list_data": [
        {
          "href": "https://www.instagram.com/krisi__georgieva",
          "value": "krisi__georgieva",
          "timestamp": 1768744171
        }
      ]
    },
    {
      "title": "",
      "media_list_data": [
        
      ],
      "string_list_data": [
        {
          "href": "https://www.instagram.com/momchil70k",
          "value": "momchil70k",
          "timestamp": 1768744171
        }
      ]
    },
    {
      "title": "",
      "media_list_data": [
        
      ],
      "string_list_data": [
        {
          "href": "https://www.instagram.com/vasileva_sani",
          "value": "vasileva_sani",
          "timestamp": 1768744171
        }
      ]
    },
    {
      "title": "",
      "media_list_data": [
        
      ],
      "string_list_data": [
        {
          "href": "https://www.instagram.com/g_raychev_",
          "value": "g_raychev_",
          "timestamp": 1768744171
        }
      ]
    },
    {
      "title": "",
      "media_list_data": [
        
      ],
      "string_list_data": [
        {
          "href": "https://www.instagram.com/solena.milinka",
          "value": "solena.milinka",
          "timestamp": 1768744171
        }
      ]
    },
    {
      "title": "",
      "media_list_data": [
        
      ],
      "string_list_data": [
        {
          "href": "https://www.instagram.com/_iivayla",
          "value": "_iivayla",
          "timestamp": 1768744171
        }
      ]
    },
    {
      "title": "",
      "media_list_data": [
        
      ],
      "string_list_data": [
        {
          "href": "https://www.instagram.com/kkkrystev",
          "value": "kkkrystev",
          "timestamp": 1768677139
        }
      ]
    },
    {
      "title": "",
      "media_list_data": [
        
      ],
      "string_list_data": [
        {
          "href": "https://www.instagram.com/v_peichewa",
          "value": "v_peichewa",
          "timestamp": 1768667865
        }
      ]
    },
    {
      "title": "",
      "media_list_data": [
        
      ],
      "string_list_data": [
        {
          "href": "https://www.instagram.com/yanadimdim",
          "value": "yanadimdim",
          "timestamp": 1768060748
        }
      ]
    },
    {
      "title": "",
      "media_list_data": [
        
      ],
      "string_list_data": [
        {
          "href": "https://www.instagram.com/artem_zxc1488",
          "value": "artem_zxc1488",
          "timestamp": 1767548749
        }
      ]
    },
    {
      "title": "",
      "media_list_data": [
        
      ],
      "string_list_data": [
        {
          "href": "https://www.instagram.com/ruka_rupa",
          "value": "ruka_rupa",
          "timestamp": 1765910039
        }
      ]
    },
    {
      "title": "",
      "media_list_data": [
        
      ],
      "string_list_data": [
        {
          "href": "https://www.instagram.com/kristiiqn.todorov",
          "value": "kristiiqn.todorov",
          "timestamp": 1765383165
        }
      ]
    },
    {
      "title": "",
      "media_list_data": [
        
      ],
      "string_list_data": [
        {
          "href": "https://www.instagram.com/n_toplv",
          "value": "n_toplv",
          "timestamp": 1765121695
        }
      ]
    },
    {
      "title": "",
      "media_list_data": [
        
      ],
      "string_list_data": [
        {
          "href": "https://www.instagram.com/a.nalbantova15",
          "value": "a.nalbantova15",
          "timestamp": 1765120586
        }
      ]
    }
  ]
}