{
  "relationships_unfollowed_users": [
    {
      "title": "",
      "media_list_data": [
        
      ],
      "string_list_data": [
        {
          "href": "https://www.instagram.com/blanksheet.playa",
          "value": "blanksheet.playa",
          "timestamp": 1770744992
        }
      ]
    },
    {
      "title": "",
      "media_list_data": [
        
      ],
      "string_list_data": [
        {
          "href": "https://www.instagram.com/_greenburg_",
          "value": "_greenburg_",
          "timestamp": 1770744990
        }
      ]
    },
    {
      "title": "",
      "media_list_data": [
        
      ],
      "string_list_data": [
        {
          "href": "https://www.instagram.com/bebo17623",
          "value": "bebo17623",
          "timestamp": 1770744984
        }
      ]
    },
    {
      "title": "",
      "media_list_data": [
        
      ],
      "string_list_data": [
        {
          "href": "https://www.instagram.com/archersfood",
          "value": "archersfood",
          "timestamp": 1770744946
        }
      ]
    },
    {
      "title": "",
      "media_list_data": [
        
      ],
      "string_list_data": [
        {
          "href": "https://www.instagram.com/skurtgangg",
          "value": "skurtgangg",
          "timestamp": 1770744918
        }
      ]
    },
    {
      "title": "",
      "media_list_data": [
        
      ],
      "string_list_data": [
        {
          "href": "https://www.instagram.com/yeetus_deeletus",
          "value": "yeetus_deeletus",
          "timestamp": 1770744913
        }
      ]
    },
    {
      "title": "",
      "media_list_data": [
        
      ],
      "string_list_data": [
        {
          "href": "https://www.instagram.com/ivaylopetkow",
          "value": "ivaylopetkow",
          "timestamp": 1769950787
        }
      ]
    },
    {
      "title": "",
      "media_list_data": [
        
      ],
      "string_list_data": [
        {
          "href": "https://www.instagram.com/r_chaveeva2",
          "value": "r_chaveeva2",
          "timestamp": 1768746825
        }
      ]
    },
    {
      "title": "",
      "media_list_data": [
        
      ],
      "string_list_data": [
        {
          "href": "https://www.instagram.com/kirilova_nora",
          "value": "kirilova_nora",
          "timestamp": 1768746823
        }
      ]
    },
    {
      "title": "",
      "media_list_data": [
        
      ],
      "string_list_data": [
        {
          "href": "https://www.instagram.com/melinmyumyun",
          "value": "melinmyumyun",
          "timestamp": 1768746822
        }
      ]
    },
    {
      "title": "",
      "media_list_data": [
        
      ],
      "string_list_data": [
        {
          "href": "https://www.instagram.com/duygu_rmdn",
          "value": "duygu_rmdn",
          "timestamp": 1768746821
        }
      ]
    },
    {
      "title": "",
      "media_list_data": [
        
      ],
      "string_list_data": [
        {
          "href": "https://www.instagram.com/_____todorovaaa_____",
          "value": "_____todorovaaa_____",
          "timestamp": 1768746819
        }
      ]
    },
    {
      "title": "",
      "media_list_data": [
        
      ],
      "string_list_data": [
        {
          "href": "https://www.instagram.com/ece.jb",
          "value": "ece.jb",
          "timestamp": 1768746818
        }
      ]
    },
    {
      "title": "",
      "media_list_data": [
        
      ],
      "string_list_data": [
        {
          "href": "https://www.instagram.com/___leonoraa_dnd",
          "value": "___leonoraa_dnd",
          "timestamp": 1768746815
        }
      ]
    },
    {
      "title": "",
      "media_list_data": [
        
      ],
      "string_list_data": [
        {
          "href": "https://www.instagram.com/k_alyakov",
          "value": "k_alyakov",
          "timestamp": 1768746814
        }
      ]
    },
    {
      "title": "",
      "media_list_data": [
        
      ],
      "string_list_data": [
        {
          "href": "https://www.instagram.com/irinaa.v_",
          "value": "irinaa.v_",
          "timestamp": 1768746812
        }
      ]
    },
    {
      "title": "",
      "media_list_data": [
        
      ],
      "string_list_data": [
        {
          "href": "https://www.instagram.com/iasen_a",
          "value": "iasen_a",
          "timestamp": 1768746811
        }
      ]
    },
    {
      "title": "",
      "media_list_data": [
        
      ],
      "string_list_data": [
        {
          "href": "https://www.instagram.com/huzunov_34",
          "value": "huzunov_34",
          "timestamp": 1768746809
        }
      ]
    },
    {
      "title": "",
      "media_list_data": [
        
      ],
      "string_list_data": [
        {
          "href": "https://www.instagram.com/m_dimitrov05",
          "value": "m_dimitrov05",
          "timestamp": 1768746807
        }
      ]
    },
    {
      "title": "",
      "media_list_data": [
        
      ],
      "string_list_data": [
        {
          "href": "https://www.instagram.com/m.uzunov1707",
          "value": "m.uzunov1707",
          "timestamp": 1768746806
        }
      ]
    },
    {
      "title": "",
      "media_list_data": [
        
      ],
      "string_list_data": [
        {
          "href": "https://www.instagram.com/kostailev",
          "value": "kostailev",
          "timestamp": 1768746803
        }
      ]
    },
    {
      "title": "",
      "media_list_data": [
        
      ],
      "string_list_data": [
        {
          "href": "https://www.instagram.com/militsa_lazarovaa",
          "value": "militsa_lazarovaa",
          "timestamp": 1768746803
        }
      ]
    },
    {
      "title": "",
      "media_list_data": [
        
      ],
      "string_list_data": [
        {
          "href": "https://www.instagram.com/konst.nikolov",
          "value": "konst.nikolov",
          "timestamp": 1768746800
        }
      ]
    },
    {
      "title": "",
      "media_list_data": [
        
      ],
      "string_list_data": [
        {
          "href": "https://www.instagram.com/emil_neshkov",
          "value": "emil_neshkov",
          "timestamp": 1768746798
        }
      ]
    },
    {
      "title": "",
      "media_list_data": [
        
      ],
      "string_list_data": [
        {
          "href": "https://www.instagram.com/iordankailieva",
          "value": "iordankailieva",
          "timestamp": 1768746798
        }
      ]
    },
    {
      "title": "",
      "media_list_data": [
        
      ],
      "string_list_data": [
        {
          "href": "https://www.instagram.com/kordi.p_",
          "value": "kordi.p_",
          "timestamp": 1768746797
        }
      ]
    },
    {
      "title": "",
      "media_list_data": [
        
      ],
      "string_list_data": [
        {
          "href": "https://www.instagram.com/_zeyneb.husein",
          "value": "_zeyneb.husein",
          "timestamp": 1768746795
        }
      ]
    },
    {
      "title": "",
      "media_list_data": [
        
      ],
      "string_list_data": [
        {
          "href": "https://www.instagram.com/solena.milinka",
          "value": "solena.milinka",
          "timestamp": 1768746794
        }
      ]
    },
    {
      "title": "",
      "media_list_data": [
        
      ],
      "string_list_data": [
        {
          "href": "https://www.instagram.com/yblucheva",
          "value": "yblucheva",
          "timestamp": 1768746791
        }
      ]
    },
    {
      "title": "",
      "media_list_data": [
        
      ],
      "string_list_data": [
        {
          "href": "https://www.instagram.com/y.tileva",
          "value": "y.tileva",
          "timestamp": 1768746790
        }
      ]
    },
    {
      "title": "",
      "media_list_data": [
        
      ],
      "string_list_data": [
        {
          "href": "https://www.instagram.com/yanaknowsss",
          "value": "yanaknowsss",
          "timestamp": 1768746788
        }
      ]
    },
    {
      "title": "",
      "media_list_data": [
        
      ],
      "string_list_data": [
        {
          "href": "https://www.instagram.com/victoria.raleva",
          "value": "victoria.raleva",
          "timestamp": 1768746787
        }
      ]
    },
    {
      "title": "",
      "media_list_data": [
        
      ],
      "string_list_data": [
        {
          "href": "https://www.instagram.com/velina05",
          "value": "velina05",
          "timestamp": 1768746785
        }
      ]
    },
    {
      "title": "",
      "media_list_data": [
        
      ],
      "string_list_data": [
        {
          "href": "https://www.instagram.com/te55_was_taken",
          "value": "te55_was_taken",
          "timestamp": 1768746785
        }
      ]
    },
    {
      "title": "",
      "media_list_data": [
        
      ],
      "string_list_data": [
        {
          "href": "https://www.instagram.com/st0yan.k",
          "value": "st0yan.k",
          "timestamp": 1768746782
        }
      ]
    },
    {
      "title": "",
      "media_list_data": [
        
      ],
      "string_list_data": [
        {
          "href": "https://www.instagram.com/stil_1st",
          "value": "stil_1st",
          "timestamp": 1768746781
        }
      ]
    },
    {
      "title": "",
      "media_list_data": [
        
      ],
      "string_list_data": [
        {
          "href": "https://www.instagram.com/stefan_kraev0",
          "value": "stefan_kraev0",
          "timestamp": 1768746779
        }
      ]
    },
    {
      "title": "",
      "media_list_data": [
        
      ],
      "string_list_data": [
        {
          "href": "https://www.instagram.com/vasileva_sani",
          "value": "vasileva_sani",
          "timestamp": 1768746777
        }
      ]
    },
    {
      "title": "",
      "media_list_data": [
        
      ],
      "string_list_data": [
        {
          "href": "https://www.instagram.com/_salihe_b",
          "value": "_salihe_b",
          "timestamp": 1768746776
        }
      ]
    },
    {
      "title": "",
      "media_list_data": [
        
      ],
      "string_list_data": [
        {
          "href": "https://www.instagram.com/neykovan_",
          "value": "neykovan_",
          "timestamp": 1768746773
        }
      ]
    },
    {
      "title": "",
      "media_list_data": [
        
      ],
      "string_list_data": [
        {
          "href": "https://www.instagram.com/nikpetrov1406",
          "value": "nikpetrov1406",
          "timestamp": 1768746772
        }
      ]
    },
    {
      "title": "",
      "media_list_data": [
        
      ],
      "string_list_data": [
        {
          "href": "https://www.instagram.com/neichogurkov",
          "value": "neichogurkov",
          "timestamp": 1768746770
        }
      ]
    },
    {
      "title": "",
      "media_list_data": [
        
      ],
      "string_list_data": [
        {
          "href": "https://www.instagram.com/nadyaherondale",
          "value": "nadyaherondale",
          "timestamp": 1768746768
        }
      ]
    },
    {
      "title": "",
      "media_list_data": [
        
      ],
      "string_list_data": [
        {
          "href": "https://www.instagram.com/milan.grv",
          "value": "milan.grv",
          "timestamp": 1768746766
        }
      ]
    },
    {
      "title": "",
      "media_list_data": [
        
      ],
      "string_list_data": [
        {
          "href": "https://www.instagram.com/meri_belcheva",
          "value": "meri_belcheva",
          "timestamp": 1768746765
        }
      ]
    },
    {
      "title": "",
      "media_list_data": [
        
      ],
      "string_list_data": [
        {
          "href": "https://www.instagram.com/mtonchev5",
          "value": "mtonchev5",
          "timestamp": 1768746764
        }
      ]
    },
    {
      "title": "",
      "media_list_data": [
        
      ],
      "string_list_data": [
        {
          "href": "https://www.instagram.com/m.dicheva_",
          "value": "m.dicheva_",
          "timestamp": 1768746761
        }
      ]
    },
    {
      "title": "",
      "media_list_data": [
        
      ],
      "string_list_data": [
        {
          "href": "https://www.instagram.com/__k.bancheva__",
          "value": "__k.bancheva__",
          "timestamp": 1768745609
        }
      ]
    },
    {
      "title": "",
      "media_list_data": [
        
      ],
      "string_list_data": [
        {
          "href": "https://www.instagram.com/_iivayla",
          "value": "_iivayla",
          "timestamp": 1768745544
        }
      ]
    },
    {
      "title": "",
      "media_list_data": [
        
      ],
      "string_list_data": [
        {
          "href": "https://www.instagram.com/yoni_borisova",
          "value": "yoni_borisova",
          "timestamp": 1768745438
        }
      ]
    },
    {
      "title": "",
      "media_list_data": [
        
      ],
      "string_list_data": [
        {
          "href": "https://www.instagram.com/vladimirboychevv",
          "value": "vladimirboychevv",
          "timestamp": 1768745437
        }
      ]
    },
    {
      "title": "",
      "media_list_data": [
        
      ],
      "string_list_data": [
        {
          "href": "https://www.instagram.com/victoria.bambalova",
          "value": "victoria.bambalova",
          "timestamp": 1768745435
        }
      ]
    },
    {
      "title": "",
      "media_list_data": [
        
      ],
      "string_list_data": [
        {
          "href": "https://www.instagram.com/teodor_golisharski",
          "value": "teodor_golisharski",
          "timestamp": 1768745425
        }
      ]
    },
    {
      "title": "",
      "media_list_data": [
        
      ],
      "string_list_data": [
        {
          "href": "https://www.instagram.com/knchv.ivaylo",
          "value": "knchv.ivaylo",
          "timestamp": 1768745400
        }
      ]
    },
    {
      "title": "",
      "media_list_data": [
        
      ],
      "string_list_data": [
        {
          "href": "https://www.instagram.com/dimitar1024",
          "value": "dimitar1024",
          "timestamp": 1768745393
        }
      ]
    },
    {
      "title": "",
      "media_list_data": [
        
      ],
      "string_list_data": [
        {
          "href": "https://www.instagram.com/motokar.pochitatel",
          "value": "motokar.pochitatel",
          "timestamp": 1768745391
        }
      ]
    },
    {
      "title": "",
      "media_list_data": [
        
      ],
      "string_list_data": [
        {
          "href": "https://www.instagram.com/momchil70k",
          "value": "momchil70k",
          "timestamp": 1768745387
        }
      ]
    },
    {
      "title": "",
      "media_list_data": [
        
      ],
      "string_list_data": [
        {
          "href": "https://www.instagram.com/stanev11",
          "value": "stanev11",
          "timestamp": 1768745377
        }
      ]
    },
    {
      "title": "",
      "media_list_data": [
        
      ],
      "string_list_data": [
        {
          "href": "https://www.instagram.com/riomisstery1",
          "value": "riomisstery1",
          "timestamp": 1768745375
        }
      ]
    },
    {
      "title": "",
      "media_list_data": [
        
      ],
      "string_list_data": [
        {
          "href": "https://www.instagram.com/nikolina_madzharova",
          "value": "nikolina_madzharova",
          "timestamp": 1768745373
        }
      ]
    },
    {
      "title": "",
      "media_list_data": [
        
      ],
      "string_list_data": [
        {
          "href": "https://www.instagram.com/antonio_krumov",
          "value": "antonio_krumov",
          "timestamp": 1768745363
        }
      ]
    },
    {
      "title": "",
      "media_list_data": [
        
      ],
      "string_list_data": [
        {
          "href": "https://www.instagram.com/amerpandzharov",
          "value": "amerpandzharov",
          "timestamp": 1768745352
        }
      ]
    },
    {
      "title": "",
      "media_list_data": [
        
      ],
      "string_list_data": [
        {
          "href": "https://www.instagram.com/balevmiroslav",
          "value": "balevmiroslav",
          "timestamp": 1768745344
        }
      ]
    },
    {
      "title": "",
      "media_list_data": [
        
      ],
      "string_list_data": [
        {
          "href": "https://www.instagram.com/p.koleva_23",
          "value": "p.koleva_23",
          "timestamp": 1768745335
        }
      ]
    },
    {
      "title": "",
      "media_list_data": [
        
      ],
      "string_list_data": [
        {
          "href": "https://www.instagram.com/walerkata",
          "value": "walerkata",
          "timestamp": 1768745327
        }
      ]
    },
    {
      "title": "",
      "media_list_data": [
        
      ],
      "string_list_data": [
        {
          "href": "https://www.instagram.com/radopeev1",
          "value": "radopeev1",
          "timestamp": 1768745314
        }
      ]
    },
    {
      "title": "",
      "media_list_data": [
        
      ],
      "string_list_data": [
        {
          "href": "https://www.instagram.com/nikolaj.stojanov",
          "value": "nikolaj.stojanov",
          "timestamp": 1768745306
        }
      ]
    },
    {
      "title": "",
      "media_list_data": [
        
      ],
      "string_list_data": [
        {
          "href": "https://www.instagram.com/max_hristov",
          "value": "max_hristov",
          "timestamp": 1768745302
        }
      ]
    },
    {
      "title": "",
      "media_list_data": [
        
      ],
      "string_list_data": [
        {
          "href": "https://www.instagram.com/m.kirchev_",
          "value": "m.kirchev_",
          "timestamp": 1768745299
        }
      ]
    },
    {
      "title": "",
      "media_list_data": [
        
      ],
      "string_list_data": [
        {
          "href": "https://www.instagram.com/marintodorovv",
          "value": "marintodorovv",
          "timestamp": 1768745296
        }
      ]
    },
    {
      "title": "",
      "media_list_data": [
        
      ],
      "string_list_data": [
        {
          "href": "https://www.instagram.com/mari_altandzhiyan",
          "value": "mari_altandzhiyan",
          "timestamp": 1768745292
        }
      ]
    },
    {
      "title": "",
      "media_list_data": [
        
      ],
      "string_list_data": [
        {
          "href": "https://www.instagram.com/hadzhiev_",
          "value": "hadzhiev_",
          "timestamp": 1768745290
        }
      ]
    },
    {
      "title": "",
      "media_list_data": [
        
      ],
      "string_list_data": [
        {
          "href": "https://www.instagram.com/klimentk6",
          "value": "klimentk6",
          "timestamp": 1768745286
        }
      ]
    },
    {
      "title": "",
      "media_list_data": [
        
      ],
      "string_list_data": [
        {
          "href": "https://www.instagram.com/geripetrovaa",
          "value": "geripetrovaa",
          "timestamp": 1768745255
        }
      ]
    },
    {
      "title": "",
      "media_list_data": [
        
      ],
      "string_list_data": [
        {
          "href": "https://www.instagram.com/_gerydimitrova_",
          "value": "_gerydimitrova_",
          "timestamp": 1768745254
        }
      ]
    },
    {
      "title": "",
      "media_list_data": [
        
      ],
      "string_list_data": [
        {
          "href": "https://www.instagram.com/elena.d.479",
          "value": "elena.d.479",
          "timestamp": 1768745250
        }
      ]
    },
    {
      "title": "",
      "media_list_data": [
        
      ],
      "string_list_data": [
        {
          "href": "https://www.instagram.com/b_dzhendova",
          "value": "b_dzhendova",
          "timestamp": 1768745242
        }
      ]
    },
    {
      "title": "",
      "media_list_data": [
        
      ],
      "string_list_data": [
        {
          "href": "https://www.instagram.com/bul.bbx",
          "value": "bul.bbx",
          "timestamp": 1768745228
        }
      ]
    },
    {
      "title": "",
      "media_list_data": [
        
      ],
      "string_list_data": [
        {
          "href": "https://www.instagram.com/l_krastev__",
          "value": "l_krastev__",
          "timestamp": 1768744210
        }
      ]
    },
    {
      "title": "",
      "media_list_data": [
        
      ],
      "string_list_data": [
        {
          "href": "https://www.instagram.com/krisi__georgieva",
          "value": "krisi__georgieva",
          "timestamp": 1768744207
        }
      ]
    },
    {
      "title": "",
      "media_list_data": [
        
      ],
      "string_list_data": [
        {
          "href": "https://www.instagram.com/kristinna_gr_",
          "value": "kristinna_gr_",
          "timestamp": 1768744205
        }
      ]
    },
    {
      "title": "",
      "media_list_data": [
        
      ],
      "string_list_data": [
        {
          "href": "https://www.instagram.com/k_petrovv27",
          "value": "k_petrovv27",
          "timestamp": 1768744204
        }
      ]
    },
    {
      "title": "",
      "media_list_data": [
        
      ],
      "string_list_data": [
        {
          "href": "https://www.instagram.com/kaloyan_7878",
          "value": "kaloyan_7878",
          "timestamp": 1768744201
        }
      ]
    },
    {
      "title": "",
      "media_list_data": [
        
      ],
      "string_list_data": [
        {
          "href": "https://www.instagram.com/kln1.smnv7",
          "value": "kln1.smnv7",
          "timestamp": 1768744200
        }
      ]
    },
    {
      "title": "",
      "media_list_data": [
        
      ],
      "string_list_data": [
        {
          "href": "https://www.instagram.com/kristin_toshkov",
          "value": "kristin_toshkov",
          "timestamp": 1768744197
        }
      ]
    },
    {
      "title": "",
      "media_list_data": [
        
      ],
      "string_list_data": [
        {
          "href": "https://www.instagram.com/i.ivanov05",
          "value": "i.ivanov05",
          "timestamp": 1768744195
        }
      ]
    },
    {
      "title": "",
      "media_list_data": [
        
      ],
      "string_list_data": [
        {
          "href": "https://www.instagram.com/magriotova_i",
          "value": "magriotova_i",
          "timestamp": 1768744194
        }
      ]
    },
    {
      "title": "",
      "media_list_data": [
        
      ],
      "string_list_data": [
        {
          "href": "https://www.instagram.com/trandzhievv",
          "value": "trandzhievv",
          "timestamp": 1768744193
        }
      ]
    },
    {
      "title": "",
      "media_list_data": [
        
      ],
      "string_list_data": [
        {
          "href": "https://www.instagram.com/iagrozd",
          "value": "iagrozd",
          "timestamp": 1768744191
        }
      ]
    },
    {
      "title": "",
      "media_list_data": [
        
      ],
      "string_list_data": [
        {
          "href": "https://www.instagram.com/_iliyan40_",
          "value": "_iliyan40_",
          "timestamp": 1768744188
        }
      ]
    },
    {
      "title": "",
      "media_list_data": [
        
      ],
      "string_list_data": [
        {
          "href": "https://www.instagram.com/hristo_y_k",
          "value": "hristo_y_k",
          "timestamp": 1768744187
        }
      ]
    },
    {
      "title": "",
      "media_list_data": [
        
      ],
      "string_list_data": [
        {
          "href": "https://www.instagram.com/h_frangova",
          "value": "h_frangova",
          "timestamp": 1768744186
        }
      ]
    },
    {
      "title": "",
      "media_list_data": [
        
      ],
      "string_list_data": [
        {
          "href": "https://www.instagram.com/g_raychev_",
          "value": "g_raychev_",
          "timestamp": 1768744184
        }
      ]
    },
    {
      "title": "",
      "media_list_data": [
        
      ],
      "string_list_data": [
        {
          "href": "https://www.instagram.com/georgi_h_lazov",
          "value": "georgi_h_lazov",
          "timestamp": 1768744182
        }
      ]
    },
    {
      "title": "",
      "media_list_data": [
        
      ],
      "string_list_data": [
        {
          "href": "https://www.instagram.com/cvetih05",
          "value": "cvetih05",
          "timestamp": 1768744180
        }
      ]
    },
    {
      "title": "",
      "media_list_data": [
        
      ],
      "string_list_data": [
        {
          "href": "https://www.instagram.com/dimitar_grigorovv",
          "value": "dimitar_grigorovv",
          "timestamp": 1768744180
        }
      ]
    },
    {
      "title": "",
      "media_list_data": [
        
      ],
      "string_list_data": [
        {
          "href": "https://www.instagram.com/b0gito",
          "value": "b0gito",
          "timestamp": 1768744178
        }
      ]
    },
    {
      "title": "",
      "media_list_data": [
        
      ],
      "string_list_data": [
        {
          "href": "https://www.instagram.com/antonia._.hristova",
          "value": "antonia._.hristova",
          "timestamp": 1768744177
        }
      ]
    },
    {
      "title": "",
      "media_list_data": [
        
      ],
      "string_list_data": [
        {
          "href": "https://www.instagram.com/realzazo",
          "value": "realzazo",
          "timestamp": 1768744176
        }
      ]
    },
    {
      "title": "",
      "media_list_data": [
        
      ],
      "string_list_data": [
        {
          "href": "https://www.instagram.com/a.hristov_05",
          "value": "a.hristov_05",
          "timestamp": 1768744175
        }
      ]
    },
    {
      "title": "",
      "media_list_data": [
        
      ],
      "string_list_data": [
        {
          "href": "https://www.instagram.com/aleksandarivanov05",
          "value": "aleksandarivanov05",
          "timestamp": 1768744173
        }
      ]
    },
    {
      "title": "",
      "media_list_data": [
        
      ],
      "string_list_data": [
        {
          "href": "https://www.instagram.com/a.vdimitrov",
          "value": "a.vdimitrov",
          "timestamp": 1768744172
        }
      ]
    },
    {
      "title": "",
      "media_list_data": [
        
      ],
      "string_list_data": [
        {
          "href": "https://www.instagram.com/n_toplv",
          "value": "n_toplv",
          "timestamp": 1768404074
        }
      ]
    },
    {
      "title": "",
      "media_list_data": [
        
      ],
      "string_list_data": [
        {
          "href": "https://www.instagram.com/mista.towa",
          "value": "mista.towa",
          "timestamp": 1767782729
        }
      ]
    },
    {
      "title": "",
      "media_list_data": [
        
      ],
      "string_list_data": [
        {
          "href": "https://www.instagram.com/s_stkv",
          "value": "s_stkv",
          "timestamp": 1767405798
        }
      ]
    },
    {
      "title": "",
      "media_list_data": [
        
      ],
      "string_list_data": [
        {
          "href": "https://www.instagram.com/osheethegoat",
          "value": "osheethegoat",
          "timestamp": 1767293008
        }
      ]
    }
  ]
}