{
  "relationships_dismissed_suggested_users": [
    {
      "title": "",
      "media_list_data": [
        
      ],
      "string_list_data": [
        {
          "href": "https://www.instagram.com/georgi.petrov.05",
          "value": "georgi.petrov.05",
          "timestamp": 1768491228
        }
      ]
    },
    {
      "title": "",
      "media_list_data": [
        
      ],
      "string_list_data": [
        {
          "href": "https://www.instagram.com/rarastaaa",
          "value": "rarastaaa",
          "timestamp": 1768491227
        }
      ]
    },
    {
      "title": "",
      "media_list_data": [
        
      ],
      "string_list_data": [
        {
          "href": "https://www.instagram.com/_lora.12_",
          "value": "_lora.12_",
          "timestamp": 1768491225
        }
      ]
    },
    {
      "title": "",
      "media_list_data": [
        
      ],
      "string_list_data": [
        {
          "href": "https://www.instagram.com/zxvitch",
          "value": "zxvitch",
          "timestamp": 1768491192
        }
      ]
    },
    {
      "title": "",
      "media_list_data": [
        
      ],
      "string_list_data": [
        {
          "href": "https://www.instagram.com/vyara_iv",
          "value": "vyara_iv",
          "timestamp": 1767538840
        }
      ]
    },
    {
      "title": "",
      "media_list_data": [
        
      ],
      "string_list_data": [
        {
          "href": "https://www.instagram.com/0s9a9a9a",
          "value": "0s9a9a9a",
          "timestamp": 1767538831
        }
      ]
    },
    {
      "title": "",
      "media_list_data": [
        
      ],
      "string_list_data": [
        {
          "href": "https://www.instagram.com/s_ivvanova",
          "value": "s_ivvanova",
          "timestamp": 1767538828
        }
      ]
    },
    {
      "title": "",
      "media_list_data": [
        
      ],
      "string_list_data": [
        {
          "href": "https://www.instagram.com/krisi.mrkv",
          "value": "krisi.mrkv",
          "timestamp": 1767538827
        }
      ]
    },
    {
      "title": "",
      "media_list_data": [
        
      ],
      "string_list_data": [
        {
          "href": "https://www.instagram.com/iwetka.zx",
          "value": "iwetka.zx",
          "timestamp": 1767538826
        }
      ]
    },
    {
      "title": "",
      "media_list_data": [
        
      ],
      "string_list_data": [
        {
          "href": "https://www.instagram.com/gy.un.di",
          "value": "gy.un.di",
          "timestamp": 1767538820
        }
      ]
    },
    {
      "title": "",
      "media_list_data": [
        
      ],
      "string_list_data": [
        {
          "href": "https://www.instagram.com/jasenpenchev05",
          "value": "jasenpenchev05",
          "timestamp": 1767538817
        }
      ]
    },
    {
      "title": "",
      "media_list_data": [
        
      ],
      "string_list_data": [
        {
          "href": "https://www.instagram.com/iamstefanshivarovjr",
          "value": "iamstefanshivarovjr",
          "timestamp": 1767142885
        }
      ]
    },
    {
      "title": "",
      "media_list_data": [
        
      ],
      "string_list_data": [
        {
          "href": "https://www.instagram.com/katedrata",
          "value": "katedrata",
          "timestamp": 1767142866
        }
      ]
    },
    {
      "title": "",
      "media_list_data": [
        
      ],
      "string_list_data": [
        {
          "href": "https://www.instagram.com/dankata_s122",
          "value": "dankata_s122",
          "timestamp": 1766076539
        }
      ]
    },
    {
      "title": "",
      "media_list_data": [
        
      ],
      "string_list_data": [
        {
          "href": "https://www.instagram.com/3xclusive.bird",
          "value": "3xclusive.bird",
          "timestamp": 1766076538
        }
      ]
    },
    {
      "title": "",
      "media_list_data": [
        
      ],
      "string_list_data": [
        {
          "href": "https://www.instagram.com/eli.shavova",
          "value": "eli.shavova",
          "timestamp": 1766076073
        }
      ]
    },
    {
      "title": "",
      "media_list_data": [
        
      ],
      "string_list_data": [
        {
          "href": "https://www.instagram.com/nasi_svej",
          "value": "nasi_svej",
          "timestamp": 1766076056
        }
      ]
    },
    {
      "title": "",
      "media_list_data": [
        
      ],
      "string_list_data": [
        {
          "href": "https://www.instagram.com/victori.ian",
          "value": "victori.ian",
          "timestamp": 1766076055
        }
      ]
    },
    {
      "title": "",
      "media_list_data": [
        
      ],
      "string_list_data": [
        {
          "href": "https://www.instagram.com/_salihe_b",
          "value": "_salihe_b",
          "timestamp": 1766076055
        }
      ]
    },
    {
      "title": "",
      "media_list_data": [
        
      ],
      "string_list_data": [
        {
          "href": "https://www.instagram.com/rumi.marinova.98",
          "value": "rumi.marinova.98",
          "timestamp": 1766076050
        }
      ]
    },
    {
      "title": "",
      "media_list_data": [
        
      ],
      "string_list_data": [
        {
          "href": "https://www.instagram.com/_____todorovaaa_____",
          "value": "_____todorovaaa_____",
          "timestamp": 1766076047
        }
      ]
    },
    {
      "title": "",
      "media_list_data": [
        
      ],
      "string_list_data": [
        {
          "href": "https://www.instagram.com/mishelldyulgerova",
          "value": "mishelldyulgerova",
          "timestamp": 1761130486
        }
      ]
    },
    {
      "title": "",
      "media_list_data": [
        
      ],
      "string_list_data": [
        {
          "href": "https://www.instagram.com/ivayla_hubekova",
          "value": "ivayla_hubekova",
          "timestamp": 1754646756
        }
      ]
    },
    {
      "title": "",
      "media_list_data": [
        
      ],
      "string_list_data": [
        {
          "href": "https://www.instagram.com/allydraganska",
          "value": "allydraganska",
          "timestamp": 1754646754
        }
      ]
    },
    {
      "title": "",
      "media_list_data": [
        
      ],
      "string_list_data": [
        {
          "href": "https://www.instagram.com/velianazagorova",
          "value": "velianazagorova",
          "timestamp": 1753128972
        }
      ]
    },
    {
      "title": "",
      "media_list_data": [
        
      ],
      "string_list_data": [
        {
          "href": "https://www.instagram.com/_valeria_yaneva_",
          "value": "_valeria_yaneva_",
          "timestamp": 1753128970
        }
      ]
    },
    {
      "title": "",
      "media_list_data": [
        
      ],
      "string_list_data": [
        {
          "href": "https://www.instagram.com/abmoneytalks",
          "value": "abmoneytalks",
          "timestamp": 1753128959
        }
      ]
    },
    {
      "title": "",
      "media_list_data": [
        
      ],
      "string_list_data": [
        {
          "href": "https://www.instagram.com/evangelinextrendafilova",
          "value": "evangelinextrendafilova",
          "timestamp": 1753128953
        }
      ]
    },
    {
      "title": "",
      "media_list_data": [
        
      ],
      "string_list_data": [
        {
          "href": "https://www.instagram.com/scretsbun",
          "value": "scretsbun",
          "timestamp": 1753128946
        }
      ]
    },
    {
      "title": "",
      "media_list_data": [
        
      ],
      "string_list_data": [
        {
          "href": "https://www.instagram.com/_andonia.d_",
          "value": "_andonia.d_",
          "timestamp": 1753128936
        }
      ]
    },
    {
      "title": "",
      "media_list_data": [
        
      ],
      "string_list_data": [
        {
          "href": "https://www.instagram.com/boris_.ts",
          "value": "boris_.ts",
          "timestamp": 1753128934
        }
      ]
    },
    {
      "title": "",
      "media_list_data": [
        
      ],
      "string_list_data": [
        {
          "href": "https://www.instagram.com/teodichev",
          "value": "teodichev",
          "timestamp": 1753128933
        }
      ]
    },
    {
      "title": "",
      "media_list_data": [
        
      ],
      "string_list_data": [
        {
          "href": "https://www.instagram.com/__.stefanowwaa._",
          "value": "__.stefanowwaa._",
          "timestamp": 1753128932
        }
      ]
    },
    {
      "title": "",
      "media_list_data": [
        
      ],
      "string_list_data": [
        {
          "href": "https://www.instagram.com/tjeliaskova",
          "value": "tjeliaskova",
          "timestamp": 1753128927
        }
      ]
    },
    {
      "title": "",
      "media_list_data": [
        
      ],
      "string_list_data": [
        {
          "href": "https://www.instagram.com/stefanii.ivanowaa",
          "value": "stefanii.ivanowaa",
          "timestamp": 1751651340
        }
      ]
    },
    {
      "title": "",
      "media_list_data": [
        
      ],
      "string_list_data": [
        {
          "href": "https://www.instagram.com/n_toplv",
          "value": "n_toplv",
          "timestamp": 1751651336
        }
      ]
    },
    {
      "title": "",
      "media_list_data": [
        
      ],
      "string_list_data": [
        {
          "href": "https://www.instagram.com/_kristiqna7.d_",
          "value": "_kristiqna7.d_",
          "timestamp": 1751651334
        }
      ]
    },
    {
      "title": "",
      "media_list_data": [
        
      ],
      "string_list_data": [
        {
          "href": "https://www.instagram.com/k_alyakov",
          "value": "k_alyakov",
          "timestamp": 1751651331
        }
      ]
    },
    {
      "title": "",
      "media_list_data": [
        
      ],
      "string_list_data": [
        {
          "href": "https://www.instagram.com/markedbydragons",
          "value": "markedbydragons",
          "timestamp": 1751651330
        }
      ]
    },
    {
      "title": "",
      "media_list_data": [
        
      ],
      "string_list_data": [
        {
          "href": "https://www.instagram.com/riomisstery1",
          "value": "riomisstery1",
          "timestamp": 1751651327
        }
      ]
    },
    {
      "title": "",
      "media_list_data": [
        
      ],
      "string_list_data": [
        {
          "href": "https://www.instagram.com/kl3mentinaa3",
          "value": "kl3mentinaa3",
          "timestamp": 1751651326
        }
      ]
    },
    {
      "title": "",
      "media_list_data": [
        
      ],
      "string_list_data": [
        {
          "href": "https://www.instagram.com/elena_biyukova",
          "value": "elena_biyukova",
          "timestamp": 1751414666
        }
      ]
    },
    {
      "title": "",
      "media_list_data": [
        
      ],
      "string_list_data": [
        {
          "href": "https://www.instagram.com/zaf1row",
          "value": "zaf1row",
          "timestamp": 1751414656
        }
      ]
    },
    {
      "title": "",
      "media_list_data": [
        
      ],
      "string_list_data": [
        {
          "href": "https://www.instagram.com/kirilbahchevanov_",
          "value": "kirilbahchevanov_",
          "timestamp": 1751414654
        }
      ]
    },
    {
      "title": "",
      "media_list_data": [
        
      ],
      "string_list_data": [
        {
          "href": "https://www.instagram.com/momchil70k",
          "value": "momchil70k",
          "timestamp": 1751414654
        }
      ]
    },
    {
      "title": "",
      "media_list_data": [
        
      ],
      "string_list_data": [
        {
          "href": "https://www.instagram.com/snezhi_chaneva",
          "value": "snezhi_chaneva",
          "timestamp": 1751414642
        }
      ]
    },
    {
      "title": "",
      "media_list_data": [
        
      ],
      "string_list_data": [
        {
          "href": "https://www.instagram.com/ros.tislav1",
          "value": "ros.tislav1",
          "timestamp": 1748035708
        }
      ]
    },
    {
      "title": "",
      "media_list_data": [
        
      ],
      "string_list_data": [
        {
          "href": "https://www.instagram.com/bil.ka_",
          "value": "bil.ka_",
          "timestamp": 1748035701
        }
      ]
    },
    {
      "title": "",
      "media_list_data": [
        
      ],
      "string_list_data": [
        {
          "href": "https://www.instagram.com/natalli1i",
          "value": "natalli1i",
          "timestamp": 1745870944
        }
      ]
    },
    {
      "title": "",
      "media_list_data": [
        
      ],
      "string_list_data": [
        {
          "href": "https://www.instagram.com/venetaflorian",
          "value": "venetaflorian",
          "timestamp": 1745870755
        }
      ]
    },
    {
      "title": "",
      "media_list_data": [
        
      ],
      "string_list_data": [
        {
          "href": "https://www.instagram.com/stellaslavova",
          "value": "stellaslavova",
          "timestamp": 1745870727
        }
      ]
    },
    {
      "title": "",
      "media_list_data": [
        
      ],
      "string_list_data": [
        {
          "href": "https://www.instagram.com/v_allentinaa",
          "value": "v_allentinaa",
          "timestamp": 1745870660
        }
      ]
    },
    {
      "title": "",
      "media_list_data": [
        
      ],
      "string_list_data": [
        {
          "href": "https://www.instagram.com/katrin_georgieva_",
          "value": "katrin_georgieva_",
          "timestamp": 1745870613
        }
      ]
    },
    {
      "title": "",
      "media_list_data": [
        
      ],
      "string_list_data": [
        {
          "href": "https://www.instagram.com/k.terzieva7",
          "value": "k.terzieva7",
          "timestamp": 1745870604
        }
      ]
    },
    {
      "title": "",
      "media_list_data": [
        
      ],
      "string_list_data": [
        {
          "href": "https://www.instagram.com/empty_tag",
          "value": "empty_tag",
          "timestamp": 1745870588
        }
      ]
    },
    {
      "title": "",
      "media_list_data": [
        
      ],
      "string_list_data": [
        {
          "href": "https://www.instagram.com/d.a._nikolov",
          "value": "d.a._nikolov",
          "timestamp": 1745870587
        }
      ]
    },
    {
      "title": "",
      "media_list_data": [
        
      ],
      "string_list_data": [
        {
          "href": "https://www.instagram.com/ninaa.ivanova",
          "value": "ninaa.ivanova",
          "timestamp": 1745870587
        }
      ]
    },
    {
      "title": "",
      "media_list_data": [
        
      ],
      "string_list_data": [
        {
          "href": "https://www.instagram.com/anna_zagorova",
          "value": "anna_zagorova",
          "timestamp": 1745870585
        }
      ]
    },
    {
      "title": "",
      "media_list_data": [
        
      ],
      "string_list_data": [
        {
          "href": "https://www.instagram.com/n.asparuhov",
          "value": "n.asparuhov",
          "timestamp": 1745870583
        }
      ]
    },
    {
      "title": "",
      "media_list_data": [
        
      ],
      "string_list_data": [
        {
          "href": "https://www.instagram.com/zhenya_yordanova",
          "value": "zhenya_yordanova",
          "timestamp": 1745870582
        }
      ]
    },
    {
      "title": "",
      "media_list_data": [
        
      ],
      "string_list_data": [
        {
          "href": "https://www.instagram.com/_luxurious_live",
          "value": "_luxurious_live",
          "timestamp": 1745870581
        }
      ]
    },
    {
      "title": "",
      "media_list_data": [
        
      ],
      "string_list_data": [
        {
          "href": "https://www.instagram.com/18.60.31",
          "value": "18.60.31",
          "timestamp": 1745870580
        }
      ]
    },
    {
      "title": "",
      "media_list_data": [
        
      ],
      "string_list_data": [
        {
          "href": "https://www.instagram.com/kimanguelova",
          "value": "kimanguelova",
          "timestamp": 1745870576
        }
      ]
    },
    {
      "title": "",
      "media_list_data": [
        
      ],
      "string_list_data": [
        {
          "href": "https://www.instagram.com/deynpavlo",
          "value": "deynpavlo",
          "timestamp": 1745870575
        }
      ]
    },
    {
      "title": "",
      "media_list_data": [
        
      ],
      "string_list_data": [
        {
          "href": "https://www.instagram.com/stashev80",
          "value": "stashev80",
          "timestamp": 1745870575
        }
      ]
    },
    {
      "title": "",
      "media_list_data": [
        
      ],
      "string_list_data": [
        {
          "href": "https://www.instagram.com/call_me_iron_2004",
          "value": "call_me_iron_2004",
          "timestamp": 1745870574
        }
      ]
    },
    {
      "title": "",
      "media_list_data": [
        
      ],
      "string_list_data": [
        {
          "href": "https://www.instagram.com/jtostanev",
          "value": "jtostanev",
          "timestamp": 1745870571
        }
      ]
    },
    {
      "title": "",
      "media_list_data": [
        
      ],
      "string_list_data": [
        {
          "href": "https://www.instagram.com/stoinost",
          "value": "stoinost",
          "timestamp": 1745870570
        }
      ]
    },
    {
      "title": "",
      "media_list_data": [
        
      ],
      "string_list_data": [
        {
          "href": "https://www.instagram.com/denibratoevski",
          "value": "denibratoevski",
          "timestamp": 1745870569
        }
      ]
    },
    {
      "title": "",
      "media_list_data": [
        
      ],
      "string_list_data": [
        {
          "href": "https://www.instagram.com/i_markovv",
          "value": "i_markovv",
          "timestamp": 1745870566
        }
      ]
    },
    {
      "title": "",
      "media_list_data": [
        
      ],
      "string_list_data": [
        {
          "href": "https://www.instagram.com/mitaka.nikolov",
          "value": "mitaka.nikolov",
          "timestamp": 1745870565
        }
      ]
    },
    {
      "title": "",
      "media_list_data": [
        
      ],
      "string_list_data": [
        {
          "href": "https://www.instagram.com/_.kifsuna._",
          "value": "_.kifsuna._",
          "timestamp": 1745870564
        }
      ]
    },
    {
      "title": "",
      "media_list_data": [
        
      ],
      "string_list_data": [
        {
          "href": "https://www.instagram.com/l4ndzhev",
          "value": "l4ndzhev",
          "timestamp": 1745870561
        }
      ]
    },
    {
      "title": "",
      "media_list_data": [
        
      ],
      "string_list_data": [
        {
          "href": "https://www.instagram.com/antxnetta",
          "value": "antxnetta",
          "timestamp": 1745870560
        }
      ]
    },
    {
      "title": "",
      "media_list_data": [
        
      ],
      "string_list_data": [
        {
          "href": "https://www.instagram.com/tea_praivet",
          "value": "tea_praivet",
          "timestamp": 1745870557
        }
      ]
    },
    {
      "title": "",
      "media_list_data": [
        
      ],
      "string_list_data": [
        {
          "href": "https://www.instagram.com/nextshopbg",
          "value": "nextshopbg",
          "timestamp": 1745870554
        }
      ]
    },
    {
      "title": "",
      "media_list_data": [
        
      ],
      "string_list_data": [
        {
          "href": "https://www.instagram.com/shurelovmartin",
          "value": "shurelovmartin",
          "timestamp": 1745870553
        }
      ]
    },
    {
      "title": "",
      "media_list_data": [
        
      ],
      "string_list_data": [
        {
          "href": "https://www.instagram.com/m.gruncharova_",
          "value": "m.gruncharova_",
          "timestamp": 1745870549
        }
      ]
    },
    {
      "title": "",
      "media_list_data": [
        
      ],
      "string_list_data": [
        {
          "href": "https://www.instagram.com/_stoyanov_ivaylo",
          "value": "_stoyanov_ivaylo",
          "timestamp": 1745870546
        }
      ]
    },
    {
      "title": "",
      "media_list_data": [
        
      ],
      "string_list_data": [
        {
          "href": "https://www.instagram.com/l_krastev__",
          "value": "l_krastev__",
          "timestamp": 1745870543
        }
      ]
    },
    {
      "title": "",
      "media_list_data": [
        
      ],
      "string_list_data": [
        {
          "href": "https://www.instagram.com/vshf_1",
          "value": "vshf_1",
          "timestamp": 1745870542
        }
      ]
    },
    {
      "title": "",
      "media_list_data": [
        
      ],
      "string_list_data": [
        {
          "href": "https://www.instagram.com/t_tanev_",
          "value": "t_tanev_",
          "timestamp": 1745870541
        }
      ]
    },
    {
      "title": "",
      "media_list_data": [
        
      ],
      "string_list_data": [
        {
          "href": "https://www.instagram.com/bgirla2k",
          "value": "bgirla2k",
          "timestamp": 1745870534
        }
      ]
    },
    {
      "title": "",
      "media_list_data": [
        
      ],
      "string_list_data": [
        {
          "href": "https://www.instagram.com/_karadjov_",
          "value": "_karadjov_",
          "timestamp": 1745870533
        }
      ]
    },
    {
      "title": "",
      "media_list_data": [
        
      ],
      "string_list_data": [
        {
          "href": "https://www.instagram.com/v.stoilov",
          "value": "v.stoilov",
          "timestamp": 1745870515
        }
      ]
    },
    {
      "title": "",
      "media_list_data": [
        
      ],
      "string_list_data": [
        {
          "href": "https://www.instagram.com/adriana.s.lazarova",
          "value": "adriana.s.lazarova",
          "timestamp": 1745870511
        }
      ]
    },
    {
      "title": "",
      "media_list_data": [
        
      ],
      "string_list_data": [
        {
          "href": "https://www.instagram.com/mlnnyella",
          "value": "mlnnyella",
          "timestamp": 1745870503
        }
      ]
    },
    {
      "title": "",
      "media_list_data": [
        
      ],
      "string_list_data": [
        {
          "href": "https://www.instagram.com/p.olina_kirillova",
          "value": "p.olina_kirillova",
          "timestamp": 1745870502
        }
      ]
    },
    {
      "title": "",
      "media_list_data": [
        
      ],
      "string_list_data": [
        {
          "href": "https://www.instagram.com/stefiivnv",
          "value": "stefiivnv",
          "timestamp": 1745870496
        }
      ]
    },
    {
      "title": "",
      "media_list_data": [
        
      ],
      "string_list_data": [
        {
          "href": "https://www.instagram.com/rent.5ev",
          "value": "rent.5ev",
          "timestamp": 1745870493
        }
      ]
    },
    {
      "title": "",
      "media_list_data": [
        
      ],
      "string_list_data": [
        {
          "href": "https://www.instagram.com/peephole.d",
          "value": "peephole.d",
          "timestamp": 1745870486
        }
      ]
    },
    {
      "title": "",
      "media_list_data": [
        
      ],
      "string_list_data": [
        {
          "href": "https://www.instagram.com/hristov5793",
          "value": "hristov5793",
          "timestamp": 1745870485
        }
      ]
    },
    {
      "title": "",
      "media_list_data": [
        
      ],
      "string_list_data": [
        {
          "href": "https://www.instagram.com/flieura",
          "value": "flieura",
          "timestamp": 1745870484
        }
      ]
    },
    {
      "title": "",
      "media_list_data": [
        
      ],
      "string_list_data": [
        {
          "href": "https://www.instagram.com/shenay___",
          "value": "shenay___",
          "timestamp": 1745870480
        }
      ]
    },
    {
      "title": "",
      "media_list_data": [
        
      ],
      "string_list_data": [
        {
          "href": "https://www.instagram.com/eliysiqn",
          "value": "eliysiqn",
          "timestamp": 1745870479
        }
      ]
    },
    {
      "title": "",
      "media_list_data": [
        
      ],
      "string_list_data": [
        {
          "href": "https://www.instagram.com/n_stoyanovaa",
          "value": "n_stoyanovaa",
          "timestamp": 1745870472
        }
      ]
    },
    {
      "title": "",
      "media_list_data": [
        
      ],
      "string_list_data": [
        {
          "href": "https://www.instagram.com/galinastakeva",
          "value": "galinastakeva",
          "timestamp": 1745870472
        }
      ]
    },
    {
      "title": "",
      "media_list_data": [
        
      ],
      "string_list_data": [
        {
          "href": "https://www.instagram.com/cherryx.x._",
          "value": "cherryx.x._",
          "timestamp": 1745870467
        }
      ]
    },
    {
      "title": "",
      "media_list_data": [
        
      ],
      "string_list_data": [
        {
          "href": "https://www.instagram.com/egorburgas",
          "value": "egorburgas",
          "timestamp": 1745870466
        }
      ]
    },
    {
      "title": "",
      "media_list_data": [
        
      ],
      "string_list_data": [
        {
          "href": "https://www.instagram.com/vanka77a",
          "value": "vanka77a",
          "timestamp": 1745870465
        }
      ]
    },
    {
      "title": "",
      "media_list_data": [
        
      ],
      "string_list_data": [
        {
          "href": "https://www.instagram.com/jenkata_84",
          "value": "jenkata_84",
          "timestamp": 1745870460
        }
      ]
    },
    {
      "title": "",
      "media_list_data": [
        
      ],
      "string_list_data": [
        {
          "href": "https://www.instagram.com/f_chervenyakov",
          "value": "f_chervenyakov",
          "timestamp": 1745870459
        }
      ]
    },
    {
      "title": "",
      "media_list_data": [
        
      ],
      "string_list_data": [
        {
          "href": "https://www.instagram.com/grek_stiliyanov",
          "value": "grek_stiliyanov",
          "timestamp": 1745870452
        }
      ]
    },
    {
      "title": "",
      "media_list_data": [
        
      ],
      "string_list_data": [
        {
          "href": "https://www.instagram.com/ivvvv44na",
          "value": "ivvvv44na",
          "timestamp": 1745870436
        }
      ]
    },
    {
      "title": "",
      "media_list_data": [
        
      ],
      "string_list_data": [
        {
          "href": "https://www.instagram.com/_evt1m0va_",
          "value": "_evt1m0va_",
          "timestamp": 1745870420
        }
      ]
    },
    {
      "title": "",
      "media_list_data": [
        
      ],
      "string_list_data": [
        {
          "href": "https://www.instagram.com/d_kuzmanovva",
          "value": "d_kuzmanovva",
          "timestamp": 1745870415
        }
      ]
    },
    {
      "title": "",
      "media_list_data": [
        
      ],
      "string_list_data": [
        {
          "href": "https://www.instagram.com/y0ana.k",
          "value": "y0ana.k",
          "timestamp": 1745870414
        }
      ]
    },
    {
      "title": "",
      "media_list_data": [
        
      ],
      "string_list_data": [
        {
          "href": "https://www.instagram.com/alexandrageorgieva1",
          "value": "alexandrageorgieva1",
          "timestamp": 1745870413
        }
      ]
    },
    {
      "title": "",
      "media_list_data": [
        
      ],
      "string_list_data": [
        {
          "href": "https://www.instagram.com/h4ppyf4me",
          "value": "h4ppyf4me",
          "timestamp": 1745870393
        }
      ]
    },
    {
      "title": "",
      "media_list_data": [
        
      ],
      "string_list_data": [
        {
          "href": "https://www.instagram.com/pozharliev_",
          "value": "pozharliev_",
          "timestamp": 1745870392
        }
      ]
    },
    {
      "title": "",
      "media_list_data": [
        
      ],
      "string_list_data": [
        {
          "href": "https://www.instagram.com/misho_1701",
          "value": "misho_1701",
          "timestamp": 1745870390
        }
      ]
    },
    {
      "title": "",
      "media_list_data": [
        
      ],
      "string_list_data": [
        {
          "href": "https://www.instagram.com/mya.lanee",
          "value": "mya.lanee",
          "timestamp": 1744461933
        }
      ]
    },
    {
      "title": "",
      "media_list_data": [
        
      ],
      "string_list_data": [
        {
          "href": "https://www.instagram.com/vzkardzh",
          "value": "vzkardzh",
          "timestamp": 1695938135
        }
      ]
    },
    {
      "title": "",
      "media_list_data": [
        
      ],
      "string_list_data": [
        {
          "href": "https://www.instagram.com/tea_m.georgieva",
          "value": "tea_m.georgieva",
          "timestamp": 1672256173
        }
      ]
    },
    {
      "title": "",
      "media_list_data": [
        
      ],
      "string_list_data": [
        {
          "href": "https://www.instagram.com/t1y2i8",
          "value": "t1y2i8",
          "timestamp": 1643584383
        }
      ]
    },
    {
      "title": "",
      "media_list_data": [
        
      ],
      "string_list_data": [
        {
          "href": "https://www.instagram.com/vasil.mladenov9905",
          "value": "vasil.mladenov9905",
          "timestamp": 1642742251
        }
      ]
    },
    {
      "title": "",
      "media_list_data": [
        
      ],
      "string_list_data": [
        {
          "href": "https://www.instagram.com/gulpgulpowner",
          "value": "gulpgulpowner",
          "timestamp": 1602562611
        }
      ]
    },
    {
      "title": "",
      "media_list_data": [
        
      ],
      "string_list_data": [
        {
          "href": "https://www.instagram.com/puppeteersuk",
          "value": "puppeteersuk",
          "timestamp": 1602562609
        }
      ]
    },
    {
      "title": "",
      "media_list_data": [
        
      ],
      "string_list_data": [
        {
          "href": "https://www.instagram.com/elshines7",
          "value": "elshines7",
          "timestamp": 1602562608
        }
      ]
    },
    {
      "title": "",
      "media_list_data": [
        
      ],
      "string_list_data": [
        {
          "href": "https://www.instagram.com/_stella_stefanova_",
          "value": "_stella_stefanova_",
          "timestamp": 1601048330
        }
      ]
    },
    {
      "title": "",
      "media_list_data": [
        
      ],
      "string_list_data": [
        {
          "href": "https://www.instagram.com/stiliqn_d_",
          "value": "stiliqn_d_",
          "timestamp": 1601048325
        }
      ]
    },
    {
      "title": "",
      "media_list_data": [
        
      ],
      "string_list_data": [
        {
          "href": "https://www.instagram.com/oreo._.boreo",
          "value": "oreo._.boreo",
          "timestamp": 1601048324
        }
      ]
    },
    {
      "title": "",
      "media_list_data": [
        
      ],
      "string_list_data": [
        {
          "href": "https://www.instagram.com/elly182102",
          "value": "elly182102",
          "timestamp": 1600792437
        }
      ]
    },
    {
      "title": "",
      "media_list_data": [
        
      ],
      "string_list_data": [
        {
          "href": "https://www.instagram.com/dafidkata17",
          "value": "dafidkata17",
          "timestamp": 1579007645
        }
      ]
    }
  ]
}